"date","symbol","company","sector","adjusted","simple_return","log_return"
2019-01-02,"AAPL","Apple Inc.","Information Technology",38.221363,,
2019-01-03,"AAPL","Apple Inc.","Information Technology",34.414234,-0.0996073583247148,-0.104924342267177
2019-01-04,"AAPL","Apple Inc.","Information Technology",35.883354,0.0426893128000465,0.0418032532164765
2019-01-07,"AAPL","Apple Inc.","Information Technology",35.803486,-0.00222576741293463,-0.00222824811488387
2019-01-08,"AAPL","Apple Inc.","Information Technology",36.486015,0.0190631996001731,0.0188837735147751
2019-01-09,"AAPL","Apple Inc.","Information Technology",37.105606,0.0169816024030029,0.0168390268369185
2019-01-10,"AAPL","Apple Inc.","Information Technology",37.224205,0.00319625557388811,0.00319115840738426
2019-01-11,"AAPL","Apple Inc.","Information Technology",36.858738,-0.00981799342658884,-0.00986650772727904
2019-01-14,"AAPL","Apple Inc.","Information Technology",36.304485,-0.0150372212960737,-0.0151514266418786
2019-01-15,"AAPL","Apple Inc.","Information Technology",37.047523,0.0204668376372781,0.0202602065489397
2019-01-16,"AAPL","Apple Inc.","Information Technology",37.500126,0.012216822161093,0.0121427990640997
2019-01-17,"AAPL","Apple Inc.","Information Technology",37.722778,0.0059373667171144,0.00591981001479214
2019-01-18,"AAPL","Apple Inc.","Information Technology",37.955143,0.00615980615213443,0.00614091209567125
2019-01-22,"AAPL","Apple Inc.","Information Technology",37.103188,-0.0224463651737525,-0.0227021192404209
2019-01-23,"AAPL","Apple Inc.","Information Technology",37.253246,0.0040443424969303,0.00403618612785195
2019-01-24,"AAPL","Apple Inc.","Information Technology",36.95797,-0.00792618178829287,-0.00795776094594691
2019-01-25,"AAPL","Apple Inc.","Information Technology",38.18264,0.0331368308378408,0.0325996410342655
2019-01-28,"AAPL","Apple Inc.","Information Technology",37.829281,-0.00925444128535894,-0.00929752967244424
2019-01-29,"AAPL","Apple Inc.","Information Technology",37.437199,-0.010364511025203,-0.0104185966079204
2019-01-30,"AAPL","Apple Inc.","Information Technology",39.995445,0.0683343323842149,0.0661007368531172
2019-01-31,"AAPL","Apple Inc.","Information Technology",40.283466,0.00720134505316794,0.00717553918512293
2019-02-01,"AAPL","Apple Inc.","Information Technology",40.302822,0.000480494900811214,0.000480379500101158
2019-02-04,"AAPL","Apple Inc.","Information Technology",41.447632,0.0284052069604456,0.0280092595632961
2019-02-05,"AAPL","Apple Inc.","Information Technology",42.156773,0.0171093248463508,0.0169646086797011
2019-02-06,"AAPL","Apple Inc.","Information Technology",42.171295,0.000344476082170698,0.000344416763907507
2019-02-07,"AAPL","Apple Inc.","Information Technology",41.372597,-0.0189393757056785,-0.0191210228610612
2019-02-08,"AAPL","Apple Inc.","Information Technology",41.421211,0.0011750289690541,0.00117433916282383
2019-02-11,"AAPL","Apple Inc.","Information Technology",41.182999,-0.00575096657603751,-0.0057675670608015
2019-02-12,"AAPL","Apple Inc.","Information Technology",41.537888,0.00861736659828975,0.00858044903127686
2019-02-13,"AAPL","Apple Inc.","Information Technology",41.365303,-0.004154881442215,-0.00416353694549398
2019-02-14,"AAPL","Apple Inc.","Information Technology",41.516006,0.00364322243692981,0.00363660197706706
2019-02-15,"AAPL","Apple Inc.","Information Technology",41.423634,-0.0022249731826322,-0.00222745211318243
2019-02-19,"AAPL","Apple Inc.","Information Technology",41.5476,0.00299263941932287,0.0029881703878889
2019-02-20,"AAPL","Apple Inc.","Information Technology",41.814976,0.00643541383858511,0.00641479497627806
2019-02-21,"AAPL","Apple Inc.","Information Technology",41.579205,-0.00563843442119875,-0.00565439039864835
2019-02-22,"AAPL","Apple Inc.","Information Technology",42.043472,0.0111658460040301,0.0111039681320042
2019-02-25,"AAPL","Apple Inc.","Information Technology",42.349724,0.00728417481791229,0.00725777334761624
2019-02-26,"AAPL","Apple Inc.","Information Technology",42.374039,0.000574147779569978,0.000573983019795055
2019-02-27,"AAPL","Apple Inc.","Information Technology",42.505291,0.00309746257608335,0.00309267532189095
2019-02-28,"AAPL","Apple Inc.","Information Technology",42.087208,-0.00983602253187733,-0.00988471576308125
2019-03-01,"AAPL","Apple Inc.","Information Technology",42.529602,0.0105113648783735,0.0104565045854028
2019-03-04,"AAPL","Apple Inc.","Information Technology",42.743504,0.00502948511015938,0.0050168794987453
2019-03-05,"AAPL","Apple Inc.","Information Technology",42.665718,-0.00181983208489419,-0.00182148999101539
2019-03-06,"AAPL","Apple Inc.","Information Technology",42.420219,-0.00575401074933264,-0.00577062884698698
2019-03-07,"AAPL","Apple Inc.","Information Technology",41.929222,-0.0115745984243976,-0.0116421055058833
2019-03-08,"AAPL","Apple Inc.","Information Technology",42.028877,0.00237674336051355,0.00237392337338571
2019-03-11,"AAPL","Apple Inc.","Information Technology",43.484848,0.0346421580571853,0.0340556259275799
2019-03-12,"AAPL","Apple Inc.","Information Technology",43.973423,0.0112355227733577,0.0111728731183542
2019-03-13,"AAPL","Apple Inc.","Information Technology",44.167885,0.00442226205587865,0.00441251258760156
2019-03-14,"AAPL","Apple Inc.","Information Technology",44.658875,0.0111164480708099,0.0110551144844449
2019-03-15,"AAPL","Apple Inc.","Information Technology",45.239803,0.0130081198865847,0.0129242409171302
2019-03-18,"AAPL","Apple Inc.","Information Technology",45.701637,0.0102085767261187,0.0101568211425995
2019-03-19,"AAPL","Apple Inc.","Information Technology",45.339462,-0.00792477083479527,-0.0079563387206365
2019-03-20,"AAPL","Apple Inc.","Information Technology",45.735672,0.00873874506936151,0.00870078323555212
2019-03-21,"AAPL","Apple Inc.","Information Technology",47.420128,0.036830244890684,0.0361682175741582
2019-03-22,"AAPL","Apple Inc.","Information Technology",46.438141,-0.020708231744967,-0.0209256540345817
2019-03-25,"AAPL","Apple Inc.","Information Technology",45.876652,-0.0120911170841228,-0.0121648092564977
2019-03-26,"AAPL","Apple Inc.","Information Technology",45.40266,-0.0103318786209596,-0.0103856229862131
2019-03-27,"AAPL","Apple Inc.","Information Technology",45.811016,0.00899409858365137,0.0089538925770154
2019-03-28,"AAPL","Apple Inc.","Information Technology",45.87178,0.00132640585836383,0.00132552695921229
2019-03-29,"AAPL","Apple Inc.","Information Technology",46.170753,0.00651758008954518,0.00649643250209575
2019-04-01,"AAPL","Apple Inc.","Information Technology",46.48431,0.00679124726425846,0.00676829062210249
2019-04-02,"AAPL","Apple Inc.","Information Technology",47.160038,0.0145366899067664,0.0144320451366924
2019-04-03,"AAPL","Apple Inc.","Information Technology",47.483322,0.00685504112613313,0.0068316521590952
2019-04-04,"AAPL","Apple Inc.","Information Technology",47.565975,0.0017406743361385,0.00173916111832462
2019-04-05,"AAPL","Apple Inc.","Information Technology",47.884392,0.00669421787317503,0.00667191109233833
2019-04-08,"AAPL","Apple Inc.","Information Technology",48.637894,0.0157358581476821,0.0156133332169675
2019-04-09,"AAPL","Apple Inc.","Information Technology",48.492058,-0.00299840285025504,-0.00300290706597028
2019-04-10,"AAPL","Apple Inc.","Information Technology",48.76429,0.00561395022665366,0.00559825073810538
2019-04-11,"AAPL","Apple Inc.","Information Technology",48.358372,-0.00832408305339829,-0.00835892170064234
2019-04-12,"AAPL","Apple Inc.","Information Technology",48.338921,-0.000402226112988329,-0.00040230702760935
2019-04-15,"AAPL","Apple Inc.","Information Technology",48.426422,0.00181015625069503,0.00180851989228081
2019-04-16,"AAPL","Apple Inc.","Information Technology",48.431286,0.000100441036093845,0.000100435992230974
2019-04-17,"AAPL","Apple Inc.","Information Technology",49.374397,0.0194731769046976,0.0192860006369169
2019-04-18,"AAPL","Apple Inc.","Information Technology",49.55183,0.0035936236345327,0.00358718199705388
2019-04-22,"AAPL","Apple Inc.","Information Technology",49.714684,0.00328653855972617,0.00328114969578497
2019-04-23,"AAPL","Apple Inc.","Information Technology",50.431732,0.0144232637584501,0.0143202379536778
2019-04-24,"AAPL","Apple Inc.","Information Technology",50.353954,-0.00154224328444629,-0.00154343376578581
2019-04-25,"AAPL","Apple Inc.","Information Technology",49.896992,-0.00907499736763481,-0.00911642598980933
2019-04-26,"AAPL","Apple Inc.","Information Technology",49.658787,-0.00477393507007398,-0.00478536669516849
2019-04-29,"AAPL","Apple Inc.","Information Technology",49.734135,0.00151731454898416,0.00151616459034942
2019-04-30,"AAPL","Apple Inc.","Information Technology",48.776451,-0.0192560703026201,-0.0194438833611534
2019-05-01,"AAPL","Apple Inc.","Information Technology",51.170666,0.0490854695434892,0.0479188032576019
2019-05-02,"AAPL","Apple Inc.","Information Technology",50.837666,-0.00650763466709615,-0.00652890163689968
2019-05-03,"AAPL","Apple Inc.","Information Technology",51.469635,0.0124311175103908,0.0123544855957669
2019-05-06,"AAPL","Apple Inc.","Information Technology",50.674809,-0.0154426197116026,-0.0155630989158619
2019-05-07,"AAPL","Apple Inc.","Information Technology",49.308762,-0.0269571218314804,-0.0273271297624529
2019-05-08,"AAPL","Apple Inc.","Information Technology",49.318489,0.000197267171299049,0.000197247716688942
2019-05-09,"AAPL","Apple Inc.","Information Technology",48.788601,-0.0107442058900061,-0.0108023416602214
2019-05-10,"AAPL","Apple Inc.","Information Technology",48.112705,-0.0138535638683307,-0.0139504200602936
2019-05-13,"AAPL","Apple Inc.","Information Technology",45.316418,-0.0581195133385246,-0.0598768843639572
2019-05-14,"AAPL","Apple Inc.","Information Technology",46.033798,0.0158304656824376,0.0157064707470731
2019-05-15,"AAPL","Apple Inc.","Information Technology",46.585239,0.0119790463519869,0.011907865465135
2019-05-16,"AAPL","Apple Inc.","Information Technology",46.38028,-0.00439965543592043,-0.00440936240189815
2019-05-17,"AAPL","Apple Inc.","Information Technology",46.116756,-0.00568181132153572,-0.0056980142151537
2019-05-20,"AAPL","Apple Inc.","Information Technology",44.67469,-0.0312698924442995,-0.0317692326614596
2019-05-21,"AAPL","Apple Inc.","Information Technology",45.531147,0.0191709668270781,0.0189895191928531
2019-05-22,"AAPL","Apple Inc.","Information Technology",44.599049,-0.0204716564684829,-0.0206841052816249
2019-05-23,"AAPL","Apple Inc.","Information Technology",43.837757,-0.0170696913290684,-0.017217057919023
2019-05-24,"AAPL","Apple Inc.","Information Technology",43.669399,-0.00384047933839327,-0.00384787291515742
2019-05-28,"AAPL","Apple Inc.","Information Technology",43.488831,-0.00413488630791555,-0.00414345858873677
2019-05-29,"AAPL","Apple Inc.","Information Technology",43.281429,-0.00476908657305584,-0.00478049495257826
2019-05-30,"AAPL","Apple Inc.","Information Technology",43.505913,0.00518661248453688,0.00517320833810286
2019-05-31,"AAPL","Apple Inc.","Information Technology",42.717777,-0.0181156064923865,-0.0182817031101963
2019-06-03,"AAPL","Apple Inc.","Information Technology",42.285892,-0.0101101937022613,-0.0101616488185208
2019-06-04,"AAPL","Apple Inc.","Information Technology",43.832882,0.0365840692210064,0.0359307583561344
2019-06-05,"AAPL","Apple Inc.","Information Technology",44.540485,0.0161432004402539,0.0160142845396432
2019-06-06,"AAPL","Apple Inc.","Information Technology",45.19442,0.0146818113902443,0.0145750770316138
2019-06-07,"AAPL","Apple Inc.","Information Technology",46.397358,0.0266169584652264,0.026268890065904
2019-06-10,"AAPL","Apple Inc.","Information Technology",46.990299,0.0127796285297108,0.0126986581945361
2019-06-11,"AAPL","Apple Inc.","Information Technology",47.534416,0.0115793474734008,0.0115128199008416
2019-06-12,"AAPL","Apple Inc.","Information Technology",47.383133,-0.00318259931919642,-0.00318767455957447
2019-06-13,"AAPL","Apple Inc.","Information Technology",47.373379,-0.000205853842547746,-0.000205875033358449
2019-06-14,"AAPL","Apple Inc.","Information Technology",47.029327,-0.0072625598440001,-0.00728906061867507
2019-06-17,"AAPL","Apple Inc.","Information Technology",47.30994,0.00596676622652915,0.00594903557175108
2019-06-18,"AAPL","Apple Inc.","Information Technology",48.422592,0.0235183557620239,0.0232460602642264
2019-06-19,"AAPL","Apple Inc.","Information Technology",48.281071,-0.00292262339033822,-0.0029269025937797
2019-06-20,"AAPL","Apple Inc.","Information Technology",48.669037,0.00803557153899933,0.00800345825172455
2019-06-21,"AAPL","Apple Inc.","Information Technology",48.50312,-0.00340908738342204,-0.00341491156234008
2019-06-24,"AAPL","Apple Inc.","Information Technology",48.454319,-0.00100614146059067,-0.00100664796067873
2019-06-25,"AAPL","Apple Inc.","Information Technology",47.719864,-0.0151576787200331,-0.0152737305430213
2019-06-26,"AAPL","Apple Inc.","Information Technology",48.751999,0.0216290432009613,0.0213984544638084
2019-06-27,"AAPL","Apple Inc.","Information Technology",48.737362,-0.000300233842718951,-0.000300278921922192
2019-06-28,"AAPL","Apple Inc.","Information Technology",48.29327,-0.00911194167628518,-0.00915370933341242
2019-07-01,"AAPL","Apple Inc.","Information Technology",49.179012,0.0183408992598762,0.0181747336429483
2019-07-02,"AAPL","Apple Inc.","Information Technology",49.46693,0.00585448930938258,0.00583741838214813
2019-07-03,"AAPL","Apple Inc.","Information Technology",49.876858,0.0082869100629451,0.00825276214784321
2019-07-05,"AAPL","Apple Inc.","Information Technology",49.832935,-0.00088062884795188,-0.00088101682933095
2019-07-08,"AAPL","Apple Inc.","Information Technology",48.805679,-0.0206139975500139,-0.0208294317805335
2019-07-09,"AAPL","Apple Inc.","Information Technology",49.103367,0.00609945412295157,0.00608092774833358
2019-07-10,"AAPL","Apple Inc.","Information Technology",49.588932,0.00988862942942388,0.00984005688155776
2019-07-11,"AAPL","Apple Inc.","Information Technology",49.227802,-0.00728247182254304,-0.00730911846824744
2019-07-12,"AAPL","Apple Inc.","Information Technology",49.60601,0.00768281305754827,0.00765345054454869
2019-07-15,"AAPL","Apple Inc.","Information Technology",50.072063,0.0093950914415411,0.00935123206451083
2019-07-16,"AAPL","Apple Inc.","Information Technology",49.898823,-0.00345981350918175,-0.00346581250487521
2019-07-17,"AAPL","Apple Inc.","Information Technology",49.618221,-0.00562341921371576,-0.00563929016284215
2019-07-18,"AAPL","Apple Inc.","Information Technology",50.181862,0.0113595568047473,0.0112955215246489
2019-07-19,"AAPL","Apple Inc.","Information Technology",49.432774,-0.01492746522638,-0.0150400011572116
2019-07-22,"AAPL","Apple Inc.","Information Technology",50.562508,0.0228539470594954,0.0225967075291851
2019-07-23,"AAPL","Apple Inc.","Information Technology",50.957794,0.00781776884959897,0.00778736843419248
2019-07-24,"AAPL","Apple Inc.","Information Technology",50.916313,-0.000814026604055847,-0.000814358103623736
2019-07-25,"AAPL","Apple Inc.","Information Technology",50.51371,-0.00790715148600801,-0.00793857878488691
2019-07-26,"AAPL","Apple Inc.","Information Technology",50.689392,0.00347790728497263,0.00347187335169119
2019-07-29,"AAPL","Apple Inc.","Information Technology",51.162762,0.00933864032143062,0.00929530480750085
2019-07-30,"AAPL","Apple Inc.","Information Technology",50.943161,-0.00429220377117243,-0.0043014417213656
2019-07-31,"AAPL","Apple Inc.","Information Technology",51.982616,0.0204042108812211,0.0201988339736148
2019-08-01,"AAPL","Apple Inc.","Information Technology",50.857754,-0.0216391956880354,-0.0218767564173978
2019-08-02,"AAPL","Apple Inc.","Information Technology",49.781693,-0.0211582485534065,-0.0213852925748901
2019-08-05,"AAPL","Apple Inc.","Information Technology",47.175739,-0.0523476371123014,-0.0537675497947987
2019-08-06,"AAPL","Apple Inc.","Information Technology",48.068794,0.018930387078833,0.0187534369696589
2019-08-07,"AAPL","Apple Inc.","Information Technology",48.566559,0.0103552629175594,0.0103020144681656
2019-08-08,"AAPL","Apple Inc.","Information Technology",49.637737,0.0220558759371856,0.0218161634153535
2019-08-09,"AAPL","Apple Inc.","Information Technology",49.228703,-0.00824038372256975,-0.0082745233630348
2019-08-12,"AAPL","Apple Inc.","Information Technology",49.103783,-0.00253754400151479,-0.00254076902320577
2019-08-13,"AAPL","Apple Inc.","Information Technology",51.183247,0.0423483461549185,0.0414761927946143
2019-08-14,"AAPL","Apple Inc.","Information Technology",49.659775,-0.0297650518342456,-0.0302170222100591
2019-08-15,"AAPL","Apple Inc.","Information Technology",49.412392,-0.00498155700463819,-0.00499400632159741
2019-08-16,"AAPL","Apple Inc.","Information Technology",50.57827,0.0235948504577557,0.0233207944758322
2019-08-19,"AAPL","Apple Inc.","Information Technology",51.521255,0.0186440738285432,0.0184724035569737
2019-08-20,"AAPL","Apple Inc.","Information Technology",51.523705,4.75531894555591e-05,4.75520588385514e-05
2019-08-21,"AAPL","Apple Inc.","Information Technology",52.082146,0.0108385256844399,0.0107802098582512
2019-08-22,"AAPL","Apple Inc.","Information Technology",52.038052,-0.000846624100320313,-0.000846982688911257
2019-08-23,"AAPL","Apple Inc.","Information Technology",49.632835,-0.0462203504466309,-0.0473226095236896
2019-08-26,"AAPL","Apple Inc.","Information Technology",50.575821,0.0189992370977801,0.0188210055629572
2019-08-27,"AAPL","Apple Inc.","Information Technology",50.005135,-0.0112837713499499,-0.0113479160840444
2019-08-28,"AAPL","Apple Inc.","Information Technology",50.340687,0.00671035084696801,0.0066879366582322
2019-08-29,"AAPL","Apple Inc.","Information Technology",51.193043,0.0169317514478895,0.0167900070937428
2019-08-30,"AAPL","Apple Inc.","Information Technology",51.126915,-0.00129173801994943,-0.00129257303266117
2019-09-03,"AAPL","Apple Inc.","Information Technology",50.382324,-0.0145635816281894,-0.0146706715972056
2019-09-04,"AAPL","Apple Inc.","Information Technology",51.237133,0.0169664464068788,0.0168241238052178
2019-09-05,"AAPL","Apple Inc.","Information Technology",52.238895,0.0195514842721586,0.0193628092886127
2019-09-06,"AAPL","Apple Inc.","Information Technology",52.234001,-9.36849831911677e-05,-9.36893719032383e-05
2019-09-09,"AAPL","Apple Inc.","Information Technology",52.45689,0.00426712477950908,0.00425804641906913
2019-09-10,"AAPL","Apple Inc.","Information Technology",53.076565,0.0118130335214307,0.0117438043122333
2019-09-11,"AAPL","Apple Inc.","Information Technology",54.764141,0.0317951246468192,0.0313001247220943
2019-09-12,"AAPL","Apple Inc.","Information Technology",54.641674,-0.00223626259380203,-0.00223876676301327
2019-09-13,"AAPL","Apple Inc.","Information Technology",53.578682,-0.019453869586792,-0.0196455866062419
2019-09-16,"AAPL","Apple Inc.","Information Technology",53.860344,0.0052569788857441,0.00524320920909283
2019-09-17,"AAPL","Apple Inc.","Information Technology",54.056297,0.00363816837114897,0.00363156624485317
2019-09-18,"AAPL","Apple Inc.","Information Technology",54.563297,0.0093791108184861,0.00933540005810052
2019-09-19,"AAPL","Apple Inc.","Information Technology",54.119972,-0.00812496722842833,-0.00815815466144221
2019-09-20,"AAPL","Apple Inc.","Information Technology",53.328846,-0.0146180046065064,-0.0147259004076843
2019-09-23,"AAPL","Apple Inc.","Information Technology",53.571323,0.00454682630859856,0.00453652072052968
2019-09-24,"AAPL","Apple Inc.","Information Technology",53.316601,-0.00475482003683204,-0.00476616015471576
2019-09-25,"AAPL","Apple Inc.","Information Technology",54.137119,0.0153895406798344,0.0152723227885576
2019-09-26,"AAPL","Apple Inc.","Information Technology",53.857899,-0.00515764424035928,-0.00517099079839189
2019-09-27,"AAPL","Apple Inc.","Information Technology",53.595825,-0.00486602717272736,-0.00487790482995054
2019-09-30,"AAPL","Apple Inc.","Information Technology",54.857212,0.0235351727489968,0.0232624906962973
2019-10-01,"AAPL","Apple Inc.","Information Technology",55.009079,0.00276840536482246,0.00276458038845462
2019-10-02,"AAPL","Apple Inc.","Information Technology",53.630112,-0.0250679892313777,-0.0253875429607198
2019-10-03,"AAPL","Apple Inc.","Information Technology",54.085686,0.00849474265502197,0.00845886536435447
2019-10-04,"AAPL","Apple Inc.","Information Technology",55.601803,0.0280317605660025,0.0276460620479377
2019-10-07,"AAPL","Apple Inc.","Information Technology",55.614056,0.000220370551652816,0.000220346273628991
2019-10-08,"AAPL","Apple Inc.","Information Technology",54.962536,-0.0117150239860225,-0.0117841855631875
2019-10-09,"AAPL","Apple Inc.","Information Technology",55.606701,0.0117200741974497,0.0116519260783736
2019-10-10,"AAPL","Apple Inc.","Information Technology",56.356197,0.0134785194323972,0.0133884922426857
2019-10-11,"AAPL","Apple Inc.","Information Technology",57.855175,0.0265982816406153,0.0262506973073009
2019-10-14,"AAPL","Apple Inc.","Information Technology",57.771893,-0.00143949093577202,-0.00144052799819683
2019-10-15,"AAPL","Apple Inc.","Information Technology",57.637177,-0.0023318605814076,-0.00233458360225391
2019-10-16,"AAPL","Apple Inc.","Information Technology",57.404503,-0.00403687363105939,-0.00404504380079018
2019-10-17,"AAPL","Apple Inc.","Information Technology",57.627388,0.00388270934076383,0.00387519107938328
2019-10-18,"AAPL","Apple Inc.","Information Technology",57.904163,0.00480283784508841,0.00479134101631296
2019-10-21,"AAPL","Apple Inc.","Information Technology",58.908371,0.017342587267862,0.0171939209786487
2019-10-22,"AAPL","Apple Inc.","Information Technology",58.773663,-0.00228673782203218,-0.00228935639972683
2019-10-23,"AAPL","Apple Inc.","Information Technology",59.562347,0.0134190036785695,0.0133297662803047
2019-10-24,"AAPL","Apple Inc.","Information Technology",59.660316,0.00164481429853661,0.00164346307297247
2019-10-25,"AAPL","Apple Inc.","Information Technology",60.395107,0.0123162438495968,0.0122410159717443
2019-10-28,"AAPL","Apple Inc.","Information Technology",61.000088,0.0100170532026708,0.00996721506970832
2019-10-29,"AAPL","Apple Inc.","Information Technology",59.589287,-0.0231278518811317,-0.0233994972027309
2019-10-30,"AAPL","Apple Inc.","Information Technology",59.581936,-0.000123361100125261,-0.000123368709731508
2019-10-31,"AAPL","Apple Inc.","Information Technology",60.92905,0.0226094365245197,0.022357631593529
2019-11-01,"AAPL","Apple Inc.","Information Technology",62.658276,0.0283809775468353,0.0279856991039802
2019-11-04,"AAPL","Apple Inc.","Information Technology",63.069748,0.00656692182210689,0.00654545352682145
2019-11-05,"AAPL","Apple Inc.","Information Technology",62.979137,-0.00143667927767835,-0.00143771229087619
2019-11-06,"AAPL","Apple Inc.","Information Technology",63.006065,0.000427570165021443,0.000427478782945023
2019-11-07,"AAPL","Apple Inc.","Information Technology",63.733238,0.0115413174906257,0.0114752245330143
2019-11-08,"AAPL","Apple Inc.","Information Technology",63.907677,0.00273701769240093,0.00273327888005337
2019-11-11,"AAPL","Apple Inc.","Information Technology",64.413734,0.00791856352406622,0.00788737623078095
2019-11-12,"AAPL","Apple Inc.","Information Technology",64.354767,-0.000915441418130018,-0.000915860690524184
2019-11-13,"AAPL","Apple Inc.","Information Technology",64.971397,0.00958172997503045,0.00953611634058671
2019-11-14,"AAPL","Apple Inc.","Information Technology",64.521835,-0.00691938330955082,-0.00694343324694113
2019-11-15,"AAPL","Apple Inc.","Information Technology",65.288315,0.0118793893571068,0.0118093832855495
2019-11-18,"AAPL","Apple Inc.","Information Technology",65.6175,0.00504202015322358,0.00502935173471464
2019-11-19,"AAPL","Apple Inc.","Information Technology",65.418518,-0.00303245323275042,-0.00303706043549745
2019-11-20,"AAPL","Apple Inc.","Information Technology",64.656944,-0.0116415660776664,-0.0117098596549123
2019-11-21,"AAPL","Apple Inc.","Information Technology",64.367065,-0.00448333902078637,-0.00449341932540648
2019-11-22,"AAPL","Apple Inc.","Information Technology",64.31057,-0.000877700420238179,-0.000878085824781216
2019-11-25,"AAPL","Apple Inc.","Information Technology",65.438156,0.0175334474566157,0.017381509987568
2019-11-26,"AAPL","Apple Inc.","Information Technology",64.927185,-0.00780845658303715,-0.00783910221443751
2019-11-27,"AAPL","Apple Inc.","Information Technology",65.799301,0.013432216412894,0.0133428039756165
2019-11-29,"AAPL","Apple Inc.","Information Technology",65.654358,-0.00220280455562891,-0.00220523429840558
2019-12-02,"AAPL","Apple Inc.","Information Technology",64.895241,-0.0115623246213146,-0.0116296880519622
2019-12-03,"AAPL","Apple Inc.","Information Technology",63.738152,-0.0178301056005016,-0.0179909770384645
2019-12-04,"AAPL","Apple Inc.","Information Technology",64.300728,0.0088263619566505,0.0087876373222322
2019-12-05,"AAPL","Apple Inc.","Information Technology",65.24408,0.0146709380957552,0.014564361009481
2019-12-06,"AAPL","Apple Inc.","Information Technology",66.504356,0.0193163272437899,0.0191321351585065
2019-12-09,"AAPL","Apple Inc.","Information Technology",65.573288,-0.0140001054968489,-0.0140990313742835
2019-12-10,"AAPL","Apple Inc.","Information Technology",65.956528,0.00584445300348521,0.00582744044192474
2019-12-11,"AAPL","Apple Inc.","Information Technology",66.519096,0.00852937559114693,0.00849320599103809
2019-12-12,"AAPL","Apple Inc.","Information Technology",66.688614,0.00254841106078766,0.00254516936759686
2019-12-13,"AAPL","Apple Inc.","Information Technology",67.595116,0.0135930550303535,0.0135014982159527
2019-12-16,"AAPL","Apple Inc.","Information Technology",68.75219,0.0171177160196011,0.016972858666632
2019-12-17,"AAPL","Apple Inc.","Information Technology",68.887329,0.00196559556866473,0.00196366631337153
2019-12-18,"AAPL","Apple Inc.","Information Technology",68.722725,-0.00238946700923761,-0.00239232634129305
2019-12-19,"AAPL","Apple Inc.","Information Technology",68.791519,0.0010010371387339,0.00100053643517839
2019-12-20,"AAPL","Apple Inc.","Information Technology",68.64904,-0.00207117101164745,-0.00207331885253748
2019-12-23,"AAPL","Apple Inc.","Information Technology",69.769279,0.0163183490985453,0.0161866358038179
2019-12-24,"AAPL","Apple Inc.","Information Technology",69.835609,0.000950704965720052,0.000950253331978956
2019-12-26,"AAPL","Apple Inc.","Information Technology",71.221161,0.0198401935608522,0.0196459420421293
2019-12-27,"AAPL","Apple Inc.","Information Technology",71.194138,-0.000379423750196937,-0.000379495749601055
2019-12-30,"AAPL","Apple Inc.","Information Technology",71.616661,0.00593480041854005,0.00591725886008554
2019-12-31,"AAPL","Apple Inc.","Information Technology",72.139954,0.00730686117857421,0.00728029539825314
2020-01-02,"AAPL","Apple Inc.","Information Technology",73.785919,0.0228162745986781,0.022559876117727
2020-01-03,"AAPL","Apple Inc.","Information Technology",73.068573,-0.00972199045186394,-0.00976955755002962
2020-01-06,"AAPL","Apple Inc.","Information Technology",73.650795,0.0079681588964383,0.00793658075386272
2020-01-07,"AAPL","Apple Inc.","Information Technology",73.304413,-0.00470303137936265,-0.00471412542888228
2020-01-08,"AAPL","Apple Inc.","Information Technology",74.483604,0.0160862211665211,0.0159582089084749
2020-01-09,"AAPL","Apple Inc.","Information Technology",76.065704,0.0212409163230071,0.0210184724871629
2020-01-10,"AAPL","Apple Inc.","Information Technology",76.237656,0.00226057199181387,0.00225802074308046
2020-01-13,"AAPL","Apple Inc.","Information Technology",77.866425,0.0213643635633289,0.0211393448276862
2020-01-14,"AAPL","Apple Inc.","Information Technology",76.814987,-0.0135030984150101,-0.0135950943404257
2020-01-15,"AAPL","Apple Inc.","Information Technology",76.485794,-0.00428553089516247,-0.00429474010300357
2020-01-16,"AAPL","Apple Inc.","Information Technology",77.443871,0.0125262084616655,0.0124484045639592
2020-01-17,"AAPL","Apple Inc.","Information Technology",78.301254,0.011071024587601,0.011010189388398
2020-01-21,"AAPL","Apple Inc.","Information Technology",77.770615,-0.0067768901887573,-0.00679995758494911
2020-01-22,"AAPL","Apple Inc.","Information Technology",78.048233,0.00356970302986533,0.00356334676217251
2020-01-23,"AAPL","Apple Inc.","Information Technology",78.424103,0.00481586815681024,0.00480430896061268
2020-01-24,"AAPL","Apple Inc.","Information Technology",78.198074,-0.00288213688590097,-0.00288629824006748
2020-01-27,"AAPL","Apple Inc.","Information Technology",75.898651,-0.0294051104123102,-0.0298461072343512
2020-01-28,"AAPL","Apple Inc.","Information Technology",78.045769,0.028289277499807,0.0278965257940005
2020-01-29,"AAPL","Apple Inc.","Information Technology",79.679459,0.0209324607974583,0.0207163869430564
2020-01-30,"AAPL","Apple Inc.","Information Technology",79.563988,-0.00144919407648086,-0.00145024517383519
2020-01-31,"AAPL","Apple Inc.","Information Technology",76.036232,-0.0443386020318639,-0.0453516148952904
2020-02-03,"AAPL","Apple Inc.","Information Technology",75.8274,-0.00274648012542233,-0.00275025862192457
2020-02-04,"AAPL","Apple Inc.","Information Technology",78.33075,0.0330137918483292,0.0324805413052269
2020-02-05,"AAPL","Apple Inc.","Information Technology",78.969482,0.00815429445013618,0.00812122782618463
2020-02-06,"AAPL","Apple Inc.","Information Technology",79.893188,0.0116969996080257,0.0116291185319479
2020-02-07,"AAPL","Apple Inc.","Information Technology",78.80722,-0.0135927483579701,-0.0136859755349077
2020-02-10,"AAPL","Apple Inc.","Information Technology",79.181526,0.00474964095929287,0.00473839700378331
2020-02-11,"AAPL","Apple Inc.","Information Technology",78.703781,-0.00603354120757914,-0.00605181656449005
2020-02-12,"AAPL","Apple Inc.","Information Technology",80.57283,0.023747893382657,0.0234702984371467
2020-02-13,"AAPL","Apple Inc.","Information Technology",79.999069,-0.00712102330276832,-0.0071464988023342
2020-02-14,"AAPL","Apple Inc.","Information Technology",80.018761,0.000246152864603862,0.000246122573957841
2020-02-18,"AAPL","Apple Inc.","Information Technology",78.553574,-0.0183105434486795,-0.0184802563318414
2020-02-19,"AAPL","Apple Inc.","Information Technology",79.691261,0.014482943831429,0.0143790677534712
2020-02-20,"AAPL","Apple Inc.","Information Technology",78.873703,-0.0102590671767635,-0.0103120541156709
2020-02-21,"AAPL","Apple Inc.","Information Technology",77.088387,-0.0226351233946758,-0.0228952303296097
2020-02-24,"AAPL","Apple Inc.","Information Technology",73.426666,-0.0475002933969808,-0.0486654800096549
2020-02-25,"AAPL","Apple Inc.","Information Technology",70.93956,-0.0338719723431266,-0.0344589197451608
2020-02-26,"AAPL","Apple Inc.","Information Technology",72.064911,0.0158635181836481,0.015739007636463
2020-02-27,"AAPL","Apple Inc.","Information Technology",67.354156,-0.065368220603228,-0.0676026460874324
2020-02-28,"AAPL","Apple Inc.","Information Technology",67.314735,-0.000585279399833982,-0.000585450742680571
2020-03-02,"AAPL","Apple Inc.","Information Technology",73.581795,0.0931008641718637,0.089018486887154
2020-03-03,"AAPL","Apple Inc.","Information Technology",71.244896,-0.0317592007642652,-0.0322744631000358
2020-03-04,"AAPL","Apple Inc.","Information Technology",74.549561,0.0463845859217761,0.0453409710329584
2020-03-05,"AAPL","Apple Inc.","Information Technology",72.131409,-0.0324368375556228,-0.0329745720288841
2020-03-06,"AAPL","Apple Inc.","Information Technology",71.173485,-0.0132802618620691,-0.0133692331253901
2020-03-09,"AAPL","Apple Inc.","Information Technology",65.544228,-0.0790920523281949,-0.0823951959610705
2020-03-10,"AAPL","Apple Inc.","Information Technology",70.264824,0.0720215363586249,0.0695461523335874
2020-03-11,"AAPL","Apple Inc.","Information Technology",67.824493,-0.0347304790801155,-0.0353479203490634
2020-03-12,"AAPL","Apple Inc.","Information Technology",61.126507,-0.0987546784905566,-0.103977781509413
2020-03-13,"AAPL","Apple Inc.","Information Technology",68.449966,0.119808236384258,0.113157453133556
2020-03-16,"AAPL","Apple Inc.","Information Technology",59.644089,-0.128646915617168,-0.137708006106882
2020-03-17,"AAPL","Apple Inc.","Information Technology",62.26664,0.0439700068182784,0.0430307599464932
2020-03-18,"AAPL","Apple Inc.","Information Technology",60.742355,-0.0244799623040524,-0.0247845781807303
2020-03-19,"AAPL","Apple Inc.","Information Technology",60.276947,-0.00766200125102169,-0.00769150518534989
2020-03-20,"AAPL","Apple Inc.","Information Technology",56.450233,-0.0634855312098007,-0.0655903073612825
2020-03-23,"AAPL","Apple Inc.","Information Technology",55.250996,-0.0212441461490513,-0.0214730507489573
2020-03-24,"AAPL","Apple Inc.","Information Technology",60.794075,0.100325413138254,0.0956059661809059
2020-03-25,"AAPL","Apple Inc.","Information Technology",60.459175,-0.00550876051654701,-0.00552398969276791
2020-03-26,"AAPL","Apple Inc.","Information Technology",63.64072,0.0526230303341056,0.0512851731719737
2020-03-27,"AAPL","Apple Inc.","Information Technology",61.005844,-0.0414023599984412,-0.0422838541816493
2020-03-30,"AAPL","Apple Inc.","Information Technology",62.74683,0.0285380200624714,0.0281383959443744
2020-03-31,"AAPL","Apple Inc.","Information Technology",62.618778,-0.0020407724183039,-0.0020428576317828
2020-04-01,"AAPL","Apple Inc.","Information Technology",59.323963,-0.0526170440438809,-0.0540518789898439
2020-04-02,"AAPL","Apple Inc.","Information Technology",60.313885,0.0166867139337943,0.0165490203802054
2020-04-03,"AAPL","Apple Inc.","Information Technology",59.447086,-0.0143714668686986,-0.0144757366104589
2020-04-06,"AAPL","Apple Inc.","Information Technology",64.633095,0.0872373962955896,0.0836399801502772
2020-04-07,"AAPL","Apple Inc.","Information Technology",63.884495,-0.0115823016057021,-0.0116498989228768
2020-04-08,"AAPL","Apple Inc.","Information Technology",65.5196,0.0255947080743144,0.0252726473370197
2020-04-09,"AAPL","Apple Inc.","Information Technology",65.992393,0.0072160544325669,0.00719014328792955
2020-04-13,"AAPL","Apple Inc.","Information Technology",67.287674,0.0196277319417708,0.0194375919943619
2020-04-14,"AAPL","Apple Inc.","Information Technology",70.685905,0.0505030237781738,0.0492691197168371
2020-04-15,"AAPL","Apple Inc.","Information Technology",70.040749,-0.00912708127596301,-0.00916898826952384
2020-04-16,"AAPL","Apple Inc.","Information Technology",70.59726,0.0079455318217685,0.00791413229808313
2020-04-17,"AAPL","Apple Inc.","Information Technology",69.639343,-0.0135687560678702,-0.0136616529254745
2020-04-20,"AAPL","Apple Inc.","Information Technology",68.193863,-0.0207566576267097,-0.020975105159037
2020-04-21,"AAPL","Apple Inc.","Information Technology",66.085968,-0.0309103327963691,-0.0313981355586845
2020-04-22,"AAPL","Apple Inc.","Information Technology",67.989487,0.0288036788687124,0.0283966503780988
2020-04-23,"AAPL","Apple Inc.","Information Technology",67.72599,-0.00387555505456308,-0.00388308447814723
2020-04-24,"AAPL","Apple Inc.","Information Technology",69.681206,0.028869507850679,0.0284606342822622
2020-04-27,"AAPL","Apple Inc.","Information Technology",69.730453,0.000706747239707562,0.000706497611486334
2020-04-28,"AAPL","Apple Inc.","Information Technology",68.600166,-0.0162093741166431,-0.0163421831442809
2020-04-29,"AAPL","Apple Inc.","Information Technology",70.853371,0.0328454744555574,0.0323175898439256
2020-04-30,"AAPL","Apple Inc.","Information Technology",72.348083,0.0210958487776115,0.0208764121295202
2020-05-01,"AAPL","Apple Inc.","Information Technology",71.183327,-0.0160993346568699,-0.0162303368802057
2020-05-04,"AAPL","Apple Inc.","Information Technology",72.190506,0.0141490857824051,0.0140499217603445
2020-05-05,"AAPL","Apple Inc.","Information Technology",73.273994,0.0150087325887424,0.0148972159924465
2020-05-06,"AAPL","Apple Inc.","Information Technology",74.029976,0.010317193846428,0.0102643348620441
2020-05-07,"AAPL","Apple Inc.","Information Technology",74.795807,0.0103448770535869,0.010291734997435
2020-05-08,"AAPL","Apple Inc.","Information Technology",76.576073,0.0238016818242231,0.0235228377673096
2020-05-11,"AAPL","Apple Inc.","Information Technology",77.781036,0.0157355026549874,0.0156129832315308
2020-05-12,"AAPL","Apple Inc.","Information Technology",76.892128,-0.0114283383934357,-0.011494143696579
2020-05-13,"AAPL","Apple Inc.","Information Technology",75.963722,-0.0120741358595251,-0.0121476203446989
2020-05-14,"AAPL","Apple Inc.","Information Technology",76.430405,0.00614349833990479,0.00612470399007048
2020-05-15,"AAPL","Apple Inc.","Information Technology",75.978546,-0.00591203199826036,-0.00592957724565402
2020-05-18,"AAPL","Apple Inc.","Information Technology",77.768692,0.0235612037113741,0.0232879227792004
2020-05-19,"AAPL","Apple Inc.","Information Technology",77.319298,-0.00577859789643881,-0.00579535859333724
2020-05-20,"AAPL","Apple Inc.","Information Technology",78.823013,0.0194481201833985,0.0192614222274061
2020-05-21,"AAPL","Apple Inc.","Information Technology",78.235359,-0.00745536078403905,-0.00748329089219535
2020-05-22,"AAPL","Apple Inc.","Information Technology",78.739075,0.00643846984839677,0.00641783144054653
2020-05-26,"AAPL","Apple Inc.","Information Technology",78.205734,-0.00677352381901861,-0.00679656825177677
2020-05-27,"AAPL","Apple Inc.","Information Technology",78.546471,0.00435693116824388,0.00434746722285606
2020-05-28,"AAPL","Apple Inc.","Information Technology",78.581032,0.000440007037362589,0.000439910262652887
2020-05-29,"AAPL","Apple Inc.","Information Technology",78.504494,-0.00097400095229087,-0.000974475599448077
2020-06-01,"AAPL","Apple Inc.","Information Technology",79.46994,0.0122979711199718,0.012222965392537
2020-06-02,"AAPL","Apple Inc.","Information Technology",79.837837,0.00462938565198362,0.00461870300294009
2020-06-03,"AAPL","Apple Inc.","Information Technology",80.277344,0.00550499633400647,0.00548989922270593
2020-06-04,"AAPL","Apple Inc.","Information Technology",79.585991,-0.00861205622348433,-0.00864935427602553
2020-06-05,"AAPL","Apple Inc.","Information Technology",81.852676,0.0284809546443921,0.0280829123355248
2020-06-08,"AAPL","Apple Inc.","Information Technology",82.336624,0.00591242734690797,0.00589501753745925
2020-06-09,"AAPL","Apple Inc.","Information Technology",84.936653,0.0315780374964124,0.0310897050508583
2020-06-10,"AAPL","Apple Inc.","Information Technology",87.121857,0.0257274559665072,0.0254020740011542
2020-06-11,"AAPL","Apple Inc.","Information Technology",82.939102,-0.0480103976663399,-0.0492011661688414
2020-06-12,"AAPL","Apple Inc.","Information Technology",83.655151,0.00863343082735569,0.00859637588488127
2020-06-15,"AAPL","Apple Inc.","Information Technology",84.689728,0.0123671643363599,0.0122913156744708
2020-06-16,"AAPL","Apple Inc.","Information Technology",86.934212,0.0265024348643557,0.0261573294802293
2020-06-17,"AAPL","Apple Inc.","Information Technology",86.813217,-0.00139179958288467,-0.00139276903555086
2020-06-18,"AAPL","Apple Inc.","Information Technology",86.847794,0.000398291886821781,0.000398212589662883
2020-06-19,"AAPL","Apple Inc.","Information Technology",86.351479,-0.00571476806883541,-0.00573115983580497
2020-06-22,"AAPL","Apple Inc.","Information Technology",88.610779,0.0261639988818257,0.0258275769397951
2020-06-23,"AAPL","Apple Inc.","Information Technology",90.502136,0.0213445477101606,0.0211199432839226
2020-06-24,"AAPL","Apple Inc.","Information Technology",88.904594,-0.0176519811642898,-0.017809635412104
2020-06-25,"AAPL","Apple Inc.","Information Technology",90.084862,0.0132756694215374,0.0131883199547458
2020-06-26,"AAPL","Apple Inc.","Information Technology",87.31694,-0.0307257172686794,-0.0312076496303284
2020-06-29,"AAPL","Apple Inc.","Information Technology",89.3293,0.023046616154895,0.0227850540201473
2020-06-30,"AAPL","Apple Inc.","Information Technology",90.074982,0.0083475634534246,0.00831291523090716
2020-07-01,"AAPL","Apple Inc.","Information Technology",89.90461,-0.00189144639518219,-0.00189323743871306
2020-07-02,"AAPL","Apple Inc.","Information Technology",89.90461,0,0
2020-07-06,"AAPL","Apple Inc.","Information Technology",92.30957,0.0267501299432809,0.0263986004123806
2020-07-07,"AAPL","Apple Inc.","Information Technology",92.02314,-0.00310292854792841,-0.00310775261245144
2020-07-08,"AAPL","Apple Inc.","Information Technology",94.166374,0.0232901637566378,0.0230230867870738
2020-07-09,"AAPL","Apple Inc.","Information Technology",94.571327,0.00430039920619638,0.00429117891403674
2020-07-10,"AAPL","Apple Inc.","Information Technology",94.736748,0.00174916653120463,0.0017476385209978
2020-07-13,"AAPL","Apple Inc.","Information Technology",94.299713,-0.00461315180461977,-0.00462382522746996
2020-07-14,"AAPL","Apple Inc.","Information Technology",95.860222,0.0165483960698798,0.0164129634496053
2020-07-15,"AAPL","Apple Inc.","Information Technology",96.519493,0.00687741991667831,0.00685387833956241
2020-07-16,"AAPL","Apple Inc.","Information Technology",95.331825,-0.0123049548136354,-0.0123812875974298
2020-07-17,"AAPL","Apple Inc.","Information Technology",95.139221,-0.00202035364370701,-0.00202239731121434
2020-07-20,"AAPL","Apple Inc.","Information Technology",97.144173,0.0210738744644544,0.0208548915742908
2020-07-21,"AAPL","Apple Inc.","Information Technology",95.803444,-0.0138014351102664,-0.013897560385085
2020-07-22,"AAPL","Apple Inc.","Information Technology",96.072578,0.00280923094998541,0.00280529243512806
2020-07-23,"AAPL","Apple Inc.","Information Technology",91.699692,-0.0455164844228495,-0.0465849061832238
2020-07-24,"AAPL","Apple Inc.","Information Technology",91.472527,-0.00247727113412768,-0.00248034464726388
2020-07-27,"AAPL","Apple Inc.","Information Technology",93.640442,0.0237001761195467,0.0234236869857209
2020-07-28,"AAPL","Apple Inc.","Information Technology",92.102165,-0.0164274854661621,-0.0165639127740889
2020-07-29,"AAPL","Apple Inc.","Information Technology",93.867607,0.0191683007668713,0.0189869032787611
2020-07-30,"AAPL","Apple Inc.","Information Technology",95.003426,0.0121002232431471,0.0120276007868938
2020-07-31,"AAPL","Apple Inc.","Information Technology",104.949211,0.104688698279155,0.0995635742645566
2020-08-03,"AAPL","Apple Inc.","Information Technology",107.593674,0.0251975500797237,0.0248853258050827
2020-08-04,"AAPL","Apple Inc.","Information Technology",108.312202,0.00667816213804546,0.00665596199589835
2020-08-05,"AAPL","Apple Inc.","Information Technology",108.704796,0.00362465163435605,0.00361809841527094
2020-08-06,"AAPL","Apple Inc.","Information Technology",112.497429,0.0348892886013971,0.0342944534610155
2020-08-07,"AAPL","Apple Inc.","Information Technology",109.939713,-0.0227357729215305,-0.0229982161357194
2020-08-10,"AAPL","Apple Inc.","Information Technology",111.537659,0.0145347477849065,0.0144301308405037
2020-08-11,"AAPL","Apple Inc.","Information Technology",108.220558,-0.0297397401894548,-0.0301909343901174
2020-08-12,"AAPL","Apple Inc.","Information Technology",111.817184,0.0332342215422693,0.0326939035863747
2020-08-13,"AAPL","Apple Inc.","Information Technology",113.796066,0.0176974766239865,0.0175426997236174
2020-08-14,"AAPL","Apple Inc.","Information Technology",113.694656,-0.000891155587048162,-0.00089155290225218
2020-08-17,"AAPL","Apple Inc.","Information Technology",113.39782,-0.00261081752162563,-0.00261423164942887
2020-08-18,"AAPL","Apple Inc.","Information Technology",114.342751,0.00833288505898977,0.00829835824499892
2020-08-19,"AAPL","Apple Inc.","Information Technology",114.486198,0.00125453514757568,0.00125374887589214
2020-08-20,"AAPL","Apple Inc.","Information Technology",117.026611,0.0221896878783589,0.0219470791367655
2020-08-21,"AAPL","Apple Inc.","Information Technology",123.057281,0.051532467260801,0.0502485927745626
2020-08-24,"AAPL","Apple Inc.","Information Technology",124.529068,0.0119601781222518,0.0118892204094854
2020-08-25,"AAPL","Apple Inc.","Information Technology",123.507477,-0.00820363483327444,-0.00823746981915274
2020-08-26,"AAPL","Apple Inc.","Information Technology",125.18705,0.0135989580614622,0.0135073220659585
2020-08-27,"AAPL","Apple Inc.","Information Technology",123.690529,-0.0119542796159827,-0.0120263066126309
2020-08-28,"AAPL","Apple Inc.","Information Technology",123.490166,-0.00161987341811753,-0.00162118683163026
2020-08-31,"AAPL","Apple Inc.","Information Technology",127.677979,0.0339121173422019,0.0333497795749116
2020-09-01,"AAPL","Apple Inc.","Information Technology",132.763733,0.0398326637046785,0.0390597999234794
2020-09-02,"AAPL","Apple Inc.","Information Technology",130.013077,-0.0207184291812583,-0.0209360671614105
2020-09-03,"AAPL","Apple Inc.","Information Technology",119.604111,-0.0800609157185012,-0.0834478238687124
2020-09-04,"AAPL","Apple Inc.","Information Technology",119.683266,0.000661808355400092,0.000661589456824707
2020-09-08,"AAPL","Apple Inc.","Information Technology",111.629189,-0.0672949299361534,-0.0696662373641832
2020-09-09,"AAPL","Apple Inc.","Information Technology",116.081696,0.0398865837858949,0.039111653154432
2020-09-10,"AAPL","Apple Inc.","Information Technology",112.292107,-0.0326458789850899,-0.0331906447592978
2020-09-11,"AAPL","Apple Inc.","Information Technology",110.817848,-0.0131287856233743,-0.0132157299500753
2020-09-14,"AAPL","Apple Inc.","Information Technology",114.14238,0.029999968958069,0.0295587721037469
2020-09-15,"AAPL","Apple Inc.","Information Technology",114.32048,0.00156033192929743,0.00155911587623248
2020-09-16,"AAPL","Apple Inc.","Information Technology",110.946472,-0.0295135919653242,-0.0299578815873982
2020-09-17,"AAPL","Apple Inc.","Information Technology",109.175354,-0.0159637162685083,-0.0160925088988364
2020-09-18,"AAPL","Apple Inc.","Information Technology",105.712303,-0.031720080339744,-0.0322340603053286
2020-09-21,"AAPL","Apple Inc.","Information Technology",108.918114,0.0303258079620117,0.0298750706331443
2020-09-22,"AAPL","Apple Inc.","Information Technology",110.629837,0.0157156871078395,0.0155934744712436
2020-09-23,"AAPL","Apple Inc.","Information Technology",105.989349,-0.041946080061566,-0.0428512187345751
2020-09-24,"AAPL","Apple Inc.","Information Technology",107.077736,0.0102688337108288,0.0102164674266074
2020-09-25,"AAPL","Apple Inc.","Information Technology",111.094887,0.0375162115866925,0.0368295986263654
2020-09-28,"AAPL","Apple Inc.","Information Technology",113.746597,0.023868875261559,0.0235884669156388
2020-09-29,"AAPL","Apple Inc.","Information Technology",112.88578,-0.00756784838143331,-0.00759662984712239
2020-09-30,"AAPL","Apple Inc.","Information Technology",114.587616,0.0150757340738577,0.0149632245612921
2020-10-01,"AAPL","Apple Inc.","Information Technology",115.557304,0.00846241534512774,0.00842680983975441
2020-10-02,"AAPL","Apple Inc.","Information Technology",111.827072,-0.032280365419394,-0.0328128673552204
2020-10-05,"AAPL","Apple Inc.","Information Technology",115.27034,0.0307910055983582,0.0303264741064302
2020-10-06,"AAPL","Apple Inc.","Information Technology",111.965614,-0.0286693524110365,-0.0290883459068496
2020-10-07,"AAPL","Apple Inc.","Information Technology",113.865341,0.0169670574038919,0.0168247246085498
2020-10-08,"AAPL","Apple Inc.","Information Technology",113.7565,-0.000955874711691226,-0.000956331851258874
2020-10-09,"AAPL","Apple Inc.","Information Technology",115.73539,0.0173958411167713,0.0172462656419032
2020-10-12,"AAPL","Apple Inc.","Information Technology",123.08696,0.063520501378187,0.0615846327438003
2020-10-13,"AAPL","Apple Inc.","Information Technology",119.821785,-0.0265273835668701,-0.0268855835504818
2020-10-14,"AAPL","Apple Inc.","Information Technology",119.910858,0.000743379010753337,0.000743102841433974
2020-10-15,"AAPL","Apple Inc.","Information Technology",119.435913,-0.00396081729312624,-0.00396868210419665
2020-10-16,"AAPL","Apple Inc.","Information Technology",117.763741,-0.0140005795409292,-0.0140995121493797
2020-10-19,"AAPL","Apple Inc.","Information Technology",114.755836,-0.0255418601214443,-0.0258737164434804
2020-10-20,"AAPL","Apple Inc.","Information Technology",116.269684,0.0131919042444168,0.0131056488296233
2020-10-21,"AAPL","Apple Inc.","Information Technology",115.636436,-0.00544637241811025,-0.0054612579771689
2020-10-22,"AAPL","Apple Inc.","Information Technology",114.528259,-0.00958328566957907,-0.00962950085089265
2020-10-23,"AAPL","Apple Inc.","Information Technology",113.825752,-0.00613391844191058,-0.00615280820476105
2020-10-26,"AAPL","Apple Inc.","Information Technology",113.835655,8.7001401932389e-05,8.69976175295051e-05
2020-10-27,"AAPL","Apple Inc.","Information Technology",115.369293,0.0134723870126631,0.0133824413613199
2020-10-28,"AAPL","Apple Inc.","Information Technology",110.026299,-0.0463120979687377,-0.0474188077757658
2020-10-29,"AAPL","Apple Inc.","Information Technology",114.102798,0.0370502237833158,0.0363803598810843
2020-10-30,"AAPL","Apple Inc.","Information Technology",107.710983,-0.0560180391018983,-0.0576482222373329
2020-11-02,"AAPL","Apple Inc.","Information Technology",107.621941,-0.0008266752147271,-0.00082701709911337
2020-11-03,"AAPL","Apple Inc.","Information Technology",109.274315,0.0153535049140212,0.0152368325615742
2020-11-04,"AAPL","Apple Inc.","Information Technology",113.736702,0.0408365588930939,0.0400247733612673
2020-11-05,"AAPL","Apple Inc.","Information Technology",117.773643,0.0354937406220906,0.0348783570472939
2020-11-06,"AAPL","Apple Inc.","Information Technology",117.639839,-0.0011361115831325,-0.00113675744712527
2020-11-09,"AAPL","Apple Inc.","Information Technology",115.29081,-0.0199679719044838,-0.0201700261214377
2020-11-10,"AAPL","Apple Inc.","Information Technology",114.943909,-0.00300892152635573,-0.00301345743180548
2020-11-11,"AAPL","Apple Inc.","Information Technology",118.432755,0.0303525957169248,0.0299010696001512
2020-11-12,"AAPL","Apple Inc.","Information Technology",118.155243,-0.00234320311133522,-0.00234595270782822
2020-11-13,"AAPL","Apple Inc.","Information Technology",118.204803,0.00041944816617236,0.000419360222381648
2020-11-16,"AAPL","Apple Inc.","Information Technology",119.235596,0.00872039861189061,0.00868259554879902
2020-11-17,"AAPL","Apple Inc.","Information Technology",118.333649,-0.00756441054733359,-0.00759316580362146
2020-11-18,"AAPL","Apple Inc.","Information Technology",116.98568,-0.0113912569365624,-0.0114566342646736
2020-11-19,"AAPL","Apple Inc.","Information Technology",117.590294,0.00516827358698943,0.00515496390009318
2020-11-20,"AAPL","Apple Inc.","Information Technology",116.301773,-0.010957715608739,-0.0110181935804974
2020-11-23,"AAPL","Apple Inc.","Information Technology",112.842667,-0.0297425044414412,-0.0301937833740844
2020-11-24,"AAPL","Apple Inc.","Information Technology",114.150986,0.0115941871526308,0.0115274896056166
2020-11-25,"AAPL","Apple Inc.","Information Technology",115.003372,0.00746718035357133,0.00743943897666988
2020-11-27,"AAPL","Apple Inc.","Information Technology",115.558411,0.0048262845718994,0.0048146753983147
2020-11-30,"AAPL","Apple Inc.","Information Technology",117.996658,0.021099693037489,0.020880176959869
2020-12-01,"AAPL","Apple Inc.","Information Technology",121.634186,0.0308273815687221,0.0303617628587958
2020-12-02,"AAPL","Apple Inc.","Information Technology",121.990997,0.00293347628437283,0.00292918203881243
2020-12-03,"AAPL","Apple Inc.","Information Technology",121.852242,-0.00113742000157593,-0.00113806735462774
2020-12-04,"AAPL","Apple Inc.","Information Technology",121.168343,-0.00561252701448046,-0.00562833642580607
2020-12-07,"AAPL","Apple Inc.","Information Technology",122.655075,0.0122699705483305,0.012195304605199
2020-12-08,"AAPL","Apple Inc.","Information Technology",123.279488,0.00509080443675082,0.00507789010286519
2020-12-09,"AAPL","Apple Inc.","Information Technology",120.702492,-0.0209036883735273,-0.0211252637352501
2020-12-10,"AAPL","Apple Inc.","Information Technology",122.149574,0.011988832840336,0.0119175360616399
2020-12-11,"AAPL","Apple Inc.","Information Technology",121.326927,-0.00673475128124477,-0.00675753205817653
2020-12-14,"AAPL","Apple Inc.","Information Technology",120.702492,-0.00514671405136628,-0.00516000400346339
2020-12-15,"AAPL","Apple Inc.","Information Technology",126.748528,0.0500903991277992,0.0488762548709492
2020-12-16,"AAPL","Apple Inc.","Information Technology",126.679146,-0.000547398862099529,-0.000547548739554315
2020-12-17,"AAPL","Apple Inc.","Information Technology",127.561272,0.00696346658352117,0.00693933361805232
2020-12-18,"AAPL","Apple Inc.","Information Technology",125.53933,-0.0158507513158069,-0.0159777179393821
2020-12-21,"AAPL","Apple Inc.","Information Technology",127.095428,0.0123953027310245,0.0123191099418225
2020-12-22,"AAPL","Apple Inc.","Information Technology",130.71315,0.0284646116459832,0.0280670217853061
2020-12-23,"AAPL","Apple Inc.","Information Technology",129.80127,-0.00697619176035483,-0.0070006391522357
2020-12-24,"AAPL","Apple Inc.","Information Technology",130.802322,0.00771218956486339,0.0076826026534702
2020-12-28,"AAPL","Apple Inc.","Information Technology",135.480576,0.0357658329643415,0.0351410883314704
2020-12-29,"AAPL","Apple Inc.","Information Technology",133.676651,-0.0133150083448126,-0.0134044478811086
2020-12-30,"AAPL","Apple Inc.","Information Technology",132.53685,-0.00852655262885069,-0.008563111641954
2020-12-31,"AAPL","Apple Inc.","Information Technology",131.515991,-0.00770245407220689,-0.00773227118019282
2021-01-04,"AAPL","Apple Inc.","Information Technology",128.264984,-0.0247194806903749,-0.0250301372530464
2021-01-05,"AAPL","Apple Inc.","Information Technology",129.85083,0.0123638264360599,0.0122880185448118
2021-01-06,"AAPL","Apple Inc.","Information Technology",125.479843,-0.0336616023170587,-0.0342411979528023
2021-01-07,"AAPL","Apple Inc.","Information Technology",129.761627,0.0341232814580426,0.033553996694887
2021-01-08,"AAPL","Apple Inc.","Information Technology",130.881638,0.00863129590691711,0.00859425923612367
2021-01-11,"AAPL","Apple Inc.","Information Technology",127.838783,-0.0232489067717811,-0.0235234257967836
2021-01-12,"AAPL","Apple Inc.","Information Technology",127.660385,-0.00139549200808648,-0.00139646661386728
2021-01-13,"AAPL","Apple Inc.","Information Technology",129.731903,0.0162267879734186,0.0160965407564619
2021-01-14,"AAPL","Apple Inc.","Information Technology",127.769424,-0.0151271888765864,-0.015242771910529
2021-01-15,"AAPL","Apple Inc.","Information Technology",126.015076,-0.0137305776693492,-0.0138257139050344
2021-01-19,"AAPL","Apple Inc.","Information Technology",126.698975,0.00542712048199702,0.0054124467305039
2021-01-20,"AAPL","Apple Inc.","Information Technology",130.861801,0.0328560353388811,0.0323278148287782
2021-01-21,"AAPL","Apple Inc.","Information Technology",135.658981,0.0366583675552501,0.0360024319172743
2021-01-22,"AAPL","Apple Inc.","Information Technology",137.839539,0.0160738196905665,0.0159460036926404
2021-01-25,"AAPL","Apple Inc.","Information Technology",141.655457,0.0276837693138252,0.0273075023100331
2021-01-26,"AAPL","Apple Inc.","Information Technology",141.893326,0.00167920816492081,0.00167779987121541
2021-01-27,"AAPL","Apple Inc.","Information Technology",140.80307,-0.00768363129355366,-0.00771330247447732
2021-01-28,"AAPL","Apple Inc.","Information Technology",135.877045,-0.0349852101946355,-0.0356118515374204
2021-01-29,"AAPL","Apple Inc.","Information Technology",130.792419,-0.0374207873007543,-0.0381389172982596
2021-02-01,"AAPL","Apple Inc.","Information Technology",132.953125,0.016520116506141,0.0163851438620544
2021-02-02,"AAPL","Apple Inc.","Information Technology",133.795609,0.00633669949465282,0.0063167070274659
2021-02-03,"AAPL","Apple Inc.","Information Technology",132.754913,-0.00777825227433305,-0.00780866066393848
2021-02-04,"AAPL","Apple Inc.","Information Technology",136.174393,0.0257578414442562,0.0254316969068498
2021-02-05,"AAPL","Apple Inc.","Information Technology",135.752518,-0.00309804942548927,-0.00310285831529811
2021-02-08,"AAPL","Apple Inc.","Information Technology",135.901398,0.00109670157278402,0.00109610063494081
2021-02-09,"AAPL","Apple Inc.","Information Technology",135.008041,-0.00657356740362604,-0.0065952684523154
2021-02-10,"AAPL","Apple Inc.","Information Technology",134.392593,-0.00455860255019911,-0.00456902466438436
2021-02-11,"AAPL","Apple Inc.","Information Technology",134.134506,-0.00192039601468228,-0.00192224233926996
2021-02-12,"AAPL","Apple Inc.","Information Technology",134.372757,0.00177620962051345,0.00177463402565348
2021-02-16,"AAPL","Apple Inc.","Information Technology",132.208801,-0.0161041274162441,-0.0162352080742361
2021-02-17,"AAPL","Apple Inc.","Information Technology",129.876129,-0.0176438480823981,-0.0178013562197314
2021-02-18,"AAPL","Apple Inc.","Information Technology",128.754456,-0.0086364831523427,-0.00867399370194022
2021-02-19,"AAPL","Apple Inc.","Information Technology",128.913269,0.00123345633956163,0.00123269625724554
2021-02-22,"AAPL","Apple Inc.","Information Technology",125.071777,-0.0297990426416075,-0.0302520564075497
2021-02-23,"AAPL","Apple Inc.","Information Technology",124.932816,-0.00111105001730322,-0.00111166769092641
2021-02-24,"AAPL","Apple Inc.","Information Technology",124.426567,-0.00405216992787545,-0.00406040221504789
2021-02-25,"AAPL","Apple Inc.","Information Technology",120.098694,-0.0347825476853348,-0.035401863842031
2021-02-26,"AAPL","Apple Inc.","Information Technology",120.366707,0.00223160628208006,0.00222911994710806
2021-03-01,"AAPL","Apple Inc.","Information Technology",126.848587,0.0538511035281541,0.0524511721400529
2021-03-02,"AAPL","Apple Inc.","Information Technology",124.198265,-0.0208935870921447,-0.0211149468449143
2021-03-03,"AAPL","Apple Inc.","Information Technology",121.160805,-0.0244565413212496,-0.0247605697536883
2021-03-04,"AAPL","Apple Inc.","Information Technology",119.245018,-0.0158119368718291,-0.0159382791259732
2021-03-05,"AAPL","Apple Inc.","Information Technology",120.525513,0.0107383521884327,0.0106811055430152
2021-03-08,"AAPL","Apple Inc.","Information Technology",115.502792,-0.0416735085790508,-0.0425667538311165
2021-03-09,"AAPL","Apple Inc.","Information Technology",120.197945,0.0406496926931429,0.0398452226192809
2021-03-10,"AAPL","Apple Inc.","Information Technology",119.096138,-0.00916660430425835,-0.00920887614595944
2021-03-11,"AAPL","Apple Inc.","Information Technology",121.061539,0.0165026425961856,0.0163679537840027
2021-03-12,"AAPL","Apple Inc.","Information Technology",120.13839,-0.00762545237426723,-0.00765467478708803
2021-03-15,"AAPL","Apple Inc.","Information Technology",123.076584,0.0244567452585306,0.0241624674624488
2021-03-16,"AAPL","Apple Inc.","Information Technology",124.644943,0.0127429519818327,0.0126624437891927
2021-03-17,"AAPL","Apple Inc.","Information Technology",123.840919,-0.00645051440233719,-0.00647140887221731
2021-03-18,"AAPL","Apple Inc.","Information Technology",119.642067,-0.033905207050345,-0.0344933202365194
2021-03-19,"AAPL","Apple Inc.","Information Technology",119.106049,-0.00448018003567256,-0.00449024611874371
2021-03-22,"AAPL","Apple Inc.","Information Technology",122.481003,0.0283357061067486,0.0279416760837421
2021-03-23,"AAPL","Apple Inc.","Information Technology",121.637268,-0.00688870093593204,-0.00691253756825194
2021-03-24,"AAPL","Apple Inc.","Information Technology",119.205315,-0.0199934858780288,-0.0201960602763753
2021-03-25,"AAPL","Apple Inc.","Information Technology",119.70163,0.00416353079558571,0.00415488728461977
2021-03-26,"AAPL","Apple Inc.","Information Technology",120.31707,0.0051414504547683,0.00512827832831064
2021-03-29,"AAPL","Apple Inc.","Information Technology",120.495743,0.00148501787817808,0.00148391632954059
2021-03-30,"AAPL","Apple Inc.","Information Technology",119.016716,-0.0122745166192303,-0.0123504706711435
2021-03-31,"AAPL","Apple Inc.","Information Technology",121.250153,0.0187657421164267,0.0185918378377714
2021-04-01,"AAPL","Apple Inc.","Information Technology",122.093872,0.0069584984358742,0.0069343998145257
2021-04-05,"AAPL","Apple Inc.","Information Technology",124.972511,0.0235772602903444,0.0233036096311192
2021-04-06,"AAPL","Apple Inc.","Information Technology",125.280235,0.00246233349668398,0.00245930692083451
2021-04-07,"AAPL","Apple Inc.","Information Technology",126.957787,0.0133903963382571,0.0133015373404612
2021-04-08,"AAPL","Apple Inc.","Information Technology",129.399658,0.0192337237258239,0.0190510937163575
2021-04-09,"AAPL","Apple Inc.","Information Technology",132.020203,0.0202515604793949,0.0200492248094895
2021-04-12,"AAPL","Apple Inc.","Information Technology",130.273178,-0.0132330125261208,-0.0133213490070485
2021-04-13,"AAPL","Apple Inc.","Information Technology",133.439667,0.024306530696595,0.0240158282055196
2021-04-14,"AAPL","Apple Inc.","Information Technology",131.057373,-0.0178529672140142,-0.0180142539478032
2021-04-15,"AAPL","Apple Inc.","Information Technology",133.509155,0.0187076998712616,0.0185348631121283
2021-04-16,"AAPL","Apple Inc.","Information Technology",133.171692,-0.00252763939671392,-0.00253083927039555
2021-04-19,"AAPL","Apple Inc.","Information Technology",133.846634,0.00506820924074455,0.00505540909927049
2021-04-20,"AAPL","Apple Inc.","Information Technology",132.129395,-0.0128299005262994,-0.0129129145051685
2021-04-21,"AAPL","Apple Inc.","Information Technology",132.516525,0.00292993092112481,0.00292564703913634
2021-04-22,"AAPL","Apple Inc.","Information Technology",130.968018,-0.0116853879167145,-0.011754198640709
2021-04-23,"AAPL","Apple Inc.","Information Technology",133.330475,0.0180384267554542,0.0178776647199017
2021-04-26,"AAPL","Apple Inc.","Information Technology",133.727539,0.00297804384181486,0.0029736182534732
2021-04-27,"AAPL","Apple Inc.","Information Technology",133.399979,-0.00244945807310494,-0.00245246290333689
2021-04-28,"AAPL","Apple Inc.","Information Technology",132.595932,-0.00602733977941629,-0.00604557751209356
2021-04-29,"AAPL","Apple Inc.","Information Technology",132.496658,-0.000748695668883781,-0.000748976081457187
2021-04-30,"AAPL","Apple Inc.","Information Technology",130.491562,-0.015133181698817,-0.0152488567982383
2021-05-03,"AAPL","Apple Inc.","Information Technology",131.563583,0.00821525149649145,0.0081816900033651
2021-05-04,"AAPL","Apple Inc.","Information Technology",126.908142,-0.0353854835346039,-0.036026722253168
2021-05-05,"AAPL","Apple Inc.","Information Technology",127.156326,0.0019556192068434,0.00195370947300511
2021-05-06,"AAPL","Apple Inc.","Information Technology",128.784241,0.0128024696152357,0.0127212108084702
2021-05-07,"AAPL","Apple Inc.","Information Technology",129.470337,0.00532748412905576,0.00531334328665789
2021-05-10,"AAPL","Apple Inc.","Information Technology",126.129395,-0.0258046906914284,-0.0261434725375542
2021-05-11,"AAPL","Apple Inc.","Information Technology",125.194733,-0.00741034237102305,-0.0074379353582188
2021-05-12,"AAPL","Apple Inc.","Information Technology",122.072563,-0.0249385091943125,-0.0252547424799481
2021-05-13,"AAPL","Apple Inc.","Information Technology",124.260078,0.0179197925089849,0.017761125740388
2021-05-14,"AAPL","Apple Inc.","Information Technology",126.725983,0.0198447082899788,0.0196503689309324
2021-05-17,"AAPL","Apple Inc.","Information Technology",125.552681,-0.0092585748575333,-0.00930170186454848
2021-05-18,"AAPL","Apple Inc.","Information Technology",124.140762,-0.0112456300315882,-0.0113093402201168
2021-05-19,"AAPL","Apple Inc.","Information Technology",123.981674,-0.00128151299731829,-0.001282334837307
2021-05-20,"AAPL","Apple Inc.","Information Technology",126.586784,0.0210120569915841,0.0207943481153334
2021-05-21,"AAPL","Apple Inc.","Information Technology",124.717453,-0.0147671892825715,-0.014877309679437
2021-05-24,"AAPL","Apple Inc.","Information Technology",126.377975,0.0133142712592118,0.0132264153157298
2021-05-25,"AAPL","Apple Inc.","Information Technology",126.179123,-0.00157347037725523,-0.00157470958184103
2021-05-26,"AAPL","Apple Inc.","Information Technology",126.129395,-0.000394106400628587,-0.000394184080966475
2021-05-27,"AAPL","Apple Inc.","Information Technology",124.568314,-0.0123768214380161,-0.0124540522016829
2021-05-28,"AAPL","Apple Inc.","Information Technology",123.902122,-0.00534800527203086,-0.0053623570439969
2021-06-01,"AAPL","Apple Inc.","Information Technology",123.57399,-0.00264831622496353,-0.00265182921809259
2021-06-02,"AAPL","Apple Inc.","Information Technology",124.349564,0.00627619129235858,0.00625657802542179
2021-06-03,"AAPL","Apple Inc.","Information Technology",122.838203,-0.0121541318793849,-0.0122285973306502
2021-06-04,"AAPL","Apple Inc.","Information Technology",125.17485,0.0190221522533996,0.0188434932127333
2021-06-07,"AAPL","Apple Inc.","Information Technology",125.184792,7.94249004492135e-05,7.94217464594738e-05
2021-06-08,"AAPL","Apple Inc.","Information Technology",126.020012,0.00667189669492755,0.00664973809748481
2021-06-09,"AAPL","Apple Inc.","Information Technology",126.407799,0.00307718586790805,0.00307246102181313
2021-06-10,"AAPL","Apple Inc.","Information Technology",125.393593,-0.0080232866011693,-0.00805564636913214
2021-06-11,"AAPL","Apple Inc.","Information Technology",126.626556,0.00983274320881768,0.00978471635649569
2021-06-14,"AAPL","Apple Inc.","Information Technology",129.73877,0.0245778934396668,0.0242807164944461
2021-06-15,"AAPL","Apple Inc.","Information Technology",128.903549,-0.006437713260269,-0.00645852470309638
2021-06-16,"AAPL","Apple Inc.","Information Technology",129.410645,0.00393391806458323,0.0039262004426206
2021-06-17,"AAPL","Apple Inc.","Information Technology",131.041321,0.0126007872072659,0.0125220579652456
2021-06-18,"AAPL","Apple Inc.","Information Technology",129.718887,-0.0100917328206728,-0.010142999561471
2021-06-21,"AAPL","Apple Inc.","Information Technology",131.548447,0.0141040371399426,0.0140055006356228
2021-06-22,"AAPL","Apple Inc.","Information Technology",133.218887,0.0126982874985973,0.0126183403292925
2021-06-23,"AAPL","Apple Inc.","Information Technology",132.940491,-0.00208976374348471,-0.00209195034659082
2021-06-24,"AAPL","Apple Inc.","Information Technology",132.65213,-0.00216909835243507,-0.00217145425366994
2021-06-25,"AAPL","Apple Inc.","Information Technology",132.353836,-0.00224869363198313,-0.00225122574017789
2021-06-28,"AAPL","Apple Inc.","Information Technology",134.014343,0.0125459680669928,0.0124679195279755
2021-06-29,"AAPL","Apple Inc.","Information Technology",135.555527,0.0115001421900044,0.0114345181990636
2021-06-30,"AAPL","Apple Inc.","Information Technology",136.181992,0.004621464088292,0.00461081791114815
2021-07-01,"AAPL","Apple Inc.","Information Technology",136.490204,0.00226323609659049,0.00226067883550574
2021-07-02,"AAPL","Apple Inc.","Information Technology",139.164917,0.0195963733778286,0.0194068366066995
2021-07-06,"AAPL","Apple Inc.","Information Technology",141.213211,0.0147184652867648,0.0146111999167307
2021-07-07,"AAPL","Apple Inc.","Information Technology",143.748749,0.0179553880408541,0.0177960940254893
2021-07-08,"AAPL","Apple Inc.","Information Technology",142.4263,-0.00919972527900056,-0.00924230409507043
2021-07-09,"AAPL","Apple Inc.","Information Technology",144.28566,0.0130548922495354,0.0129704116064708
2021-07-12,"AAPL","Apple Inc.","Information Technology",143.679138,-0.00420361940334204,-0.00421247944961145
2021-07-13,"AAPL","Apple Inc.","Information Technology",144.812653,0.0078892107495802,0.00785825363797876
2021-07-14,"AAPL","Apple Inc.","Information Technology",148.302704,0.0241004561942525,0.023814623557854
2021-07-15,"AAPL","Apple Inc.","Information Technology",147.636505,-0.00449215679843576,-0.00450227685340909
2021-07-16,"AAPL","Apple Inc.","Information Technology",145.558395,-0.0140758547487968,-0.0141758591328154
2021-07-19,"AAPL","Apple Inc.","Information Technology",141.640762,-0.0269145108394469,-0.0272833392368579
2021-07-20,"AAPL","Apple Inc.","Information Technology",145.319748,0.025974062466566,0.0256424661820152
2021-07-21,"AAPL","Apple Inc.","Information Technology",144.57402,-0.00513163565353839,-0.00514484771481705
2021-07-22,"AAPL","Apple Inc.","Information Technology",145.966064,0.00962859025432093,0.00958253080155647
2021-07-23,"AAPL","Apple Inc.","Information Technology",147.716064,0.0119890880937914,0.0119177882911261
2021-07-26,"AAPL","Apple Inc.","Information Technology",148.143631,0.002894519312402,0.00289033825752938
2021-07-27,"AAPL","Apple Inc.","Information Technology",145.936249,-0.0149002828207984,-0.0150124072191113
2021-07-28,"AAPL","Apple Inc.","Information Technology",144.156403,-0.0121960514416126,-0.0122710335578402
2021-07-29,"AAPL","Apple Inc.","Information Technology",144.812653,0.00455234721693215,0.00454201662476983
2021-07-30,"AAPL","Apple Inc.","Information Technology",145.031403,0.00151057242214877,0.00150943265528358
2021-08-02,"AAPL","Apple Inc.","Information Technology",144.693329,-0.00233103998862926,-0.00233376109183325
2021-08-03,"AAPL","Apple Inc.","Information Technology",146.522888,0.012644390813622,0.0125651180419579
2021-08-04,"AAPL","Apple Inc.","Information Technology",146.115204,-0.00278239123979039,-0.00278626928546011
2021-08-05,"AAPL","Apple Inc.","Information Technology",146.224579,0.000748553175889896,0.0007482731496955
2021-08-06,"AAPL","Apple Inc.","Information Technology",145.527527,-0.00476699611492821,-0.00477839447930695
2021-08-09,"AAPL","Apple Inc.","Information Technology",145.477722,-0.000342237657896792,-0.000342296234569162
2021-08-10,"AAPL","Apple Inc.","Information Technology",144.989792,-0.00335398433032933,-0.00335962154405411
2021-08-11,"AAPL","Apple Inc.","Information Technology",145.248688,0.00178561536249388,0.00178402304661063
2021-08-12,"AAPL","Apple Inc.","Information Technology",148.265991,0.020773358035427,0.0205605341645745
2021-08-13,"AAPL","Apple Inc.","Information Technology",148.475128,0.00141055274098561,0.00140955884598615
2021-08-16,"AAPL","Apple Inc.","Information Technology",150.486633,0.0135477573051831,0.0134568069691463
2021-08-17,"AAPL","Apple Inc.","Information Technology",149.560547,-0.0061539419251941,-0.00617295547144536
2021-08-18,"AAPL","Apple Inc.","Information Technology",145.746613,-0.0255009364200842,-0.0258317209586201
2021-08-19,"AAPL","Apple Inc.","Information Technology",146.085175,0.00232294935045932,0.00232025547463532
2021-08-20,"AAPL","Apple Inc.","Information Technology",147.568924,0.0101567390393996,0.0101055059806079
2021-08-23,"AAPL","Apple Inc.","Information Technology",149.082581,0.0102572883163395,0.0102050393194792
2021-08-24,"AAPL","Apple Inc.","Information Technology",148.99292,-0.000601418350813276,-0.000601599275374731
2021-08-25,"AAPL","Apple Inc.","Information Technology",147.738205,-0.00842130619360977,-0.00845696573367949
2021-08-26,"AAPL","Apple Inc.","Information Technology",146.921646,-0.00552706728770655,-0.00554239803960144
2021-08-27,"AAPL","Apple Inc.","Information Technology",147.977203,0.00718448934338779,0.0071588038512127
2021-08-30,"AAPL","Apple Inc.","Information Technology",152.478271,0.0304173069144982,0.0299638725336688
2021-08-31,"AAPL","Apple Inc.","Information Technology",151.19368,-0.008424747943266,-0.00846043671954444
2021-09-01,"AAPL","Apple Inc.","Information Technology",151.870819,0.00447861974124852,0.004468620567736
2021-09-02,"AAPL","Apple Inc.","Information Technology",153.006042,0.00747492512040773,0.0074471263110274
2021-09-03,"AAPL","Apple Inc.","Information Technology",153.65332,0.00423040810375318,0.00422148508388265
2021-09-07,"AAPL","Apple Inc.","Information Technology",156.033325,0.0154894472830134,0.0153707103378427
2021-09-08,"AAPL","Apple Inc.","Information Technology",154.459915,-0.0100838074174219,-0.0101349933938417
2021-09-09,"AAPL","Apple Inc.","Information Technology",153.424286,-0.00670483989324997,-0.00672741831196078
2021-09-10,"AAPL","Apple Inc.","Information Technology",148.345673,-0.0331017541773014,-0.0336620157225376
2021-09-13,"AAPL","Apple Inc.","Information Technology",148.923233,0.00389333903928567,0.00388577960944403
2021-09-14,"AAPL","Apple Inc.","Information Technology",147.499207,-0.00956214803636446,-0.00960815891739042
2021-09-15,"AAPL","Apple Inc.","Information Technology",148.405411,0.00614378896287879,0.0061249928384628
2021-09-16,"AAPL","Apple Inc.","Information Technology",148.166412,-0.00161044667030354,-0.00161174483347803
2021-09-17,"AAPL","Apple Inc.","Information Technology",145.447861,-0.0183479572954768,-0.0185183687507111
2021-09-20,"AAPL","Apple Inc.","Information Technology",142.340942,-0.0213610497853934,-0.0215924989422787
2021-09-21,"AAPL","Apple Inc.","Information Technology",142.828873,0.00342790340673715,0.00342204153798153
2021-09-22,"AAPL","Apple Inc.","Information Technology",145.238739,0.0168724008625344,0.0167316429830153
2021-09-23,"AAPL","Apple Inc.","Information Technology",146.214645,0.00671932300376128,0.00669684897030276
2021-09-24,"AAPL","Apple Inc.","Information Technology",146.304245,0.000612797712568523,0.00061261002872115
2021-09-27,"AAPL","Apple Inc.","Information Technology",144.760742,-0.0105499536257476,-0.0106059989185079
2021-09-28,"AAPL","Apple Inc.","Information Technology",141.315262,-0.0238012043348051,-0.0240890292266398
2021-09-29,"AAPL","Apple Inc.","Information Technology",142.2314,0.00648293741973898,0.00646201356428833
2021-09-30,"AAPL","Apple Inc.","Information Technology",140.906982,-0.00931171316600982,-0.00935533819408185
2021-10-01,"AAPL","Apple Inc.","Information Technology",142.052139,0.00812704227814639,0.00809419571365666
2021-10-04,"AAPL","Apple Inc.","Information Technology",138.556854,-0.0246056484936142,-0.0249134266739617
2021-10-05,"AAPL","Apple Inc.","Information Technology",140.5186,0.0141584190414716,0.0140591247623982
2021-10-06,"AAPL","Apple Inc.","Information Technology",141.404877,0.00630718637959677,0.00628737932049805
2021-10-07,"AAPL","Apple Inc.","Information Technology",142.689453,0.00908438257048226,0.00904336777605685
2021-10-08,"AAPL","Apple Inc.","Information Technology",142.301086,-0.00272176388537973,-0.00272547461939432
2021-10-11,"AAPL","Apple Inc.","Information Technology",142.211472,-0.00062974923466158,-0.000629947610000237
2021-10-12,"AAPL","Apple Inc.","Information Technology",140.916931,-0.00910292947393148,-0.00914461429861468
2021-10-13,"AAPL","Apple Inc.","Information Technology",140.319458,-0.00423989506271612,-0.00424890890530794
2021-10-14,"AAPL","Apple Inc.","Information Technology",143.157486,0.020225477210723,0.020023658955826
2021-10-15,"AAPL","Apple Inc.","Information Technology",144.232971,0.00751260049369675,0.00748452145398915
2021-10-18,"AAPL","Apple Inc.","Information Technology",145.935806,0.0118061424388188,0.0117369936606107
2021-10-19,"AAPL","Apple Inc.","Information Technology",148.136536,0.0150801236538207,0.0149675489386016
2021-10-20,"AAPL","Apple Inc.","Information Technology",148.634445,0.00336114920359683,0.00335551316712124
2021-10-21,"AAPL","Apple Inc.","Information Technology",148.853531,0.00147399211535391,0.00147290685528834
2021-10-22,"AAPL","Apple Inc.","Information Technology",148.066849,-0.0052849401335331,-0.00529895482933451
2021-10-25,"AAPL","Apple Inc.","Information Technology",148.017044,-0.000336368338600844,-0.000336424923119694
2021-10-26,"AAPL","Apple Inc.","Information Technology",148.694199,0.00457484477260605,0.00456441197710511
2021-10-27,"AAPL","Apple Inc.","Information Technology",148.226181,-0.00314752023379204,-0.00315248409424029
2021-10-28,"AAPL","Apple Inc.","Information Technology",151.930588,0.0249915836393302,0.0246844014730803
2021-10-29,"AAPL","Apple Inc.","Information Technology",149.17218,-0.0181557120018518,-0.0183225493939512
2021-11-01,"AAPL","Apple Inc.","Information Technology",148.335709,-0.00560741956040321,-0.00562320015740081
2021-11-02,"AAPL","Apple Inc.","Information Technology",149.391266,0.00711600063879422,0.00709080138091611
2021-11-03,"AAPL","Apple Inc.","Information Technology",150.855103,0.00979867859209395,0.0097509828580371
2021-11-04,"AAPL","Apple Inc.","Information Technology",150.327332,-0.00349852931392053,-0.00350466347881717
2021-11-05,"AAPL","Apple Inc.","Information Technology",150.865845,0.00358226939063879,0.00357586834593526
2021-11-08,"AAPL","Apple Inc.","Information Technology",150.028137,-0.00555266833258396,-0.00556814170096143
2021-11-09,"AAPL","Apple Inc.","Information Technology",150.397125,0.00245945865474555,0.00245643913621585
2021-11-10,"AAPL","Apple Inc.","Information Technology",147.515045,-0.0191631322739713,-0.0193491250633153
2021-11-11,"AAPL","Apple Inc.","Information Technology",147.465179,-0.000338040096181242,-0.000338097244613422
2021-11-12,"AAPL","Apple Inc.","Information Technology",149.579391,0.0143370252851351,0.014235222021699
2021-11-15,"AAPL","Apple Inc.","Information Technology",149.589355,6.66134547908739e-05,6.66112362130988e-05
2021-11-16,"AAPL","Apple Inc.","Information Technology",150.586609,0.00666661073577059,0.00664448715817478
2021-11-17,"AAPL","Apple Inc.","Information Technology",153.069794,0.0164900784770311,0.0163555935635014
2021-11-18,"AAPL","Apple Inc.","Information Technology",157.43779,0.0285359762096499,0.0281364087987237
2021-11-19,"AAPL","Apple Inc.","Information Technology",160.110458,0.0169760258956886,0.0168335434313285
2021-11-22,"AAPL","Apple Inc.","Information Technology",160.579178,0.00292747897829397,0.00292320225635301
2021-11-23,"AAPL","Apple Inc.","Information Technology",160.968124,0.00242214466934172,0.00241921600508732
2021-11-24,"AAPL","Apple Inc.","Information Technology",161.496674,0.00328356936060225,0.00327819021870379
2021-11-26,"AAPL","Apple Inc.","Information Technology",156.380707,-0.0316784666413626,-0.0321910842987547
2021-11-29,"AAPL","Apple Inc.","Information Technology",159.801315,0.0218735933966585,0.0216377986099667
2021-11-30,"AAPL","Apple Inc.","Information Technology",164.847473,0.0315777000958973,0.0310893779785886
2021-12-01,"AAPL","Apple Inc.","Information Technology",164.318924,-0.00320629118773327,-0.00321144235302739
2021-12-02,"AAPL","Apple Inc.","Information Technology",163.311676,-0.0061298356603163,-0.00614870023359249
2021-12-03,"AAPL","Apple Inc.","Information Technology",161.396927,-0.0117245076830881,-0.0117937817250233
2021-12-06,"AAPL","Apple Inc.","Information Technology",164.867416,0.0215028195673142,0.0212748954942601
2021-12-07,"AAPL","Apple Inc.","Information Technology",170.711349,0.0354462582224254,0.034832501156056
2021-12-08,"AAPL","Apple Inc.","Information Technology",174.600677,0.0227830664029254,0.0225274081802471
2021-12-09,"AAPL","Apple Inc.","Information Technology",174.082108,-0.00297002857554776,-0.00297444786285972
2021-12-10,"AAPL","Apple Inc.","Information Technology",178.958725,0.0280133154178026,0.0276281196901405
2021-12-13,"AAPL","Apple Inc.","Information Technology",175.258881,-0.0206742867664037,-0.0208909918518048
2021-12-14,"AAPL","Apple Inc.","Information Technology",173.852737,-0.00802323963257538,-0.00805559902064878
2021-12-15,"AAPL","Apple Inc.","Information Technology",178.809143,0.0285092204214192,0.028110394991856
2021-12-16,"AAPL","Apple Inc.","Information Technology",171.788391,-0.0392639430076571,-0.0400555622708119
2021-12-17,"AAPL","Apple Inc.","Information Technology",170.671463,-0.00650176646686214,-0.00652299501586384
2021-12-20,"AAPL","Apple Inc.","Information Technology",169.285278,-0.00812194947904081,-0.00815511219671983
2021-12-21,"AAPL","Apple Inc.","Information Technology",172.516403,0.0190868635369461,0.018906994510326
2021-12-22,"AAPL","Apple Inc.","Information Technology",175.159149,0.0153188100032437,0.0152026617004992
2021-12-23,"AAPL","Apple Inc.","Information Technology",175.797394,0.00364380053022514,0.00363717797171947
2021-12-27,"AAPL","Apple Inc.","Information Technology",179.836319,0.022974885509395,0.0227149368239479
2021-12-28,"AAPL","Apple Inc.","Information Technology",178.799164,-0.00576721657653598,-0.00578391118862953
2021-12-29,"AAPL","Apple Inc.","Information Technology",178.888916,0.00050197102711288,0.000501845081802621
2021-12-30,"AAPL","Apple Inc.","Information Technology",177.712143,-0.00657823316454105,-0.00659996509790339
2021-12-31,"AAPL","Apple Inc.","Information Technology",177.083878,-0.00353529584075748,-0.0035415597666768
2022-01-03,"AAPL","Apple Inc.","Information Technology",181.511703,0.0250041113285311,0.0246966236345525
2022-01-04,"AAPL","Apple Inc.","Information Technology",179.208038,-0.012691550803201,-0.0127727765194523
2022-01-05,"AAPL","Apple Inc.","Information Technology",174.441132,-0.0265998448127644,-0.0269600221547748
2022-01-06,"AAPL","Apple Inc.","Information Technology",171.529114,-0.0166934137987594,-0.016834319159635
2022-01-07,"AAPL","Apple Inc.","Information Technology",171.698654,0.000988403636248083,0.000987915487006497
2022-01-10,"AAPL","Apple Inc.","Information Technology",171.718597,0.000116151172623541,0.000116144427598108
2022-01-11,"AAPL","Apple Inc.","Information Technology",174.600677,0.0167837383390688,0.0166444477863319
2022-01-12,"AAPL","Apple Inc.","Information Technology",175.049454,0.00257030503953892,0.00256700745486516
2022-01-13,"AAPL","Apple Inc.","Information Technology",171.718597,-0.0190280913415475,-0.019211455241197
2022-01-14,"AAPL","Apple Inc.","Information Technology",172.596207,0.00511074522697157,0.00509772969579103
2022-01-18,"AAPL","Apple Inc.","Information Technology",169.335144,-0.0188941753511419,-0.0190749509749892
2022-01-19,"AAPL","Apple Inc.","Information Technology",165.774902,-0.0210248263644552,-0.0212489956745534
2022-01-20,"AAPL","Apple Inc.","Information Technology",164.059631,-0.0103469884723563,-0.0104008906970918
2022-01-21,"AAPL","Apple Inc.","Information Technology",161.965378,-0.0127651938946517,-0.012847369052472
2022-01-24,"AAPL","Apple Inc.","Information Technology",161.177521,-0.00486435440542098,-0.00487622388452369
2022-01-25,"AAPL","Apple Inc.","Information Technology",159.34256,-0.0113847203295801,-0.0114500223614122
2022-01-26,"AAPL","Apple Inc.","Information Technology",159.252823,-0.00056317031683177,-0.000563328956798337
2022-01-27,"AAPL","Apple Inc.","Information Technology",158.784103,-0.00294324452885849,-0.00294758439064502
2022-01-28,"AAPL","Apple Inc.","Information Technology",169.863693,0.0697777031243488,0.067450872800551
2022-01-31,"AAPL","Apple Inc.","Information Technology",174.301498,0.0261256830204439,0.0257902373169099
2022-02-01,"AAPL","Apple Inc.","Information Technology",174.131989,-0.000972504550706759,-0.000972977740067549
2022-02-02,"AAPL","Apple Inc.","Information Technology",175.358597,0.00704412788852942,0.00701943391685234
2022-02-03,"AAPL","Apple Inc.","Information Technology",172.426651,-0.0167197163421649,-0.0168610685942117
2022-02-04,"AAPL","Apple Inc.","Information Technology",172.137085,-0.00167935756056631,-0.0016807692621974
2022-02-07,"AAPL","Apple Inc.","Information Technology",171.408157,-0.00423457850468436,-0.00424356972389983
2022-02-08,"AAPL","Apple Inc.","Information Technology",174.573502,0.0184667115929611,0.0182982723930731
2022-02-09,"AAPL","Apple Inc.","Information Technology",176.021378,0.00829379019961465,0.00825958571475383
2022-02-10,"AAPL","Apple Inc.","Information Technology",171.867477,-0.0235988437722604,-0.0238817562897813
2022-02-11,"AAPL","Apple Inc.","Information Technology",168.392593,-0.0202183918717792,-0.0204255810007679
2022-02-14,"AAPL","Apple Inc.","Information Technology",168.632233,0.00142310297460654,0.00142209132324389
2022-02-15,"AAPL","Apple Inc.","Information Technology",172.536499,0.0231525487775518,0.0228885948919908
2022-02-16,"AAPL","Apple Inc.","Information Technology",172.29686,-0.00138891771531763,-0.00138988315557587
2022-02-17,"AAPL","Apple Inc.","Information Technology",168.632233,-0.0212692616684947,-0.0214987117364149
2022-02-18,"AAPL","Apple Inc.","Information Technology",167.05455,-0.00935576177776171,-0.00939980181763023
2022-02-22,"AAPL","Apple Inc.","Information Technology",164.078934,-0.0178122415701937,-0.0179727888737142
2022-02-23,"AAPL","Apple Inc.","Information Technology",159.835175,-0.025864130736003,-0.0262044889040194
2022-02-24,"AAPL","Apple Inc.","Information Technology",162.501251,0.016680158169189,0.0165425721935097
2022-02-25,"AAPL","Apple Inc.","Information Technology",164.608154,0.0129654571090041,0.0128821250888977
2022-02-28,"AAPL","Apple Inc.","Information Technology",164.877747,0.00163778642460194,0.00163644671498808
2022-03-01,"AAPL","Apple Inc.","Information Technology",162.960571,-0.0116278638863255,-0.0116959961658276
2022-03-02,"AAPL","Apple Inc.","Information Technology",166.315643,0.0205882440114916,0.0203791708781713
2022-03-03,"AAPL","Apple Inc.","Information Technology",165.986115,-0.0019813409854657,-0.00198330643809985
2022-03-04,"AAPL","Apple Inc.","Information Technology",162.930603,-0.0184082385445314,-0.0185797785959325
2022-03-07,"AAPL","Apple Inc.","Information Technology",159.066299,-0.023717484185583,-0.0240032715307468
2022-03-08,"AAPL","Apple Inc.","Information Technology",157.209015,-0.0116761627804014,-0.0117448644740925
2022-03-09,"AAPL","Apple Inc.","Information Technology",162.710938,0.0349975031648154,0.0343990143132782
2022-03-10,"AAPL","Apple Inc.","Information Technology",158.287445,-0.0271862055149606,-0.0275625876846712
2022-03-11,"AAPL","Apple Inc.","Information Technology",154.502991,-0.0239087439941935,-0.0241991969339486
2022-03-14,"AAPL","Apple Inc.","Information Technology",150.399017,-0.0265624242834239,-0.0269215797835889
2022-03-15,"AAPL","Apple Inc.","Information Technology",154.862457,0.0296773216277073,0.0292454731860232
2022-03-16,"AAPL","Apple Inc.","Information Technology",159.355865,0.0290154766174218,0.0286024971833365
2022-03-17,"AAPL","Apple Inc.","Information Technology",160.384354,0.00645403920338927,0.00643330107434181
2022-03-18,"AAPL","Apple Inc.","Information Technology",163.739426,0.0209189482410485,0.0207031513507401
2022-03-21,"AAPL","Apple Inc.","Information Technology",165.137375,0.00853764444001399,0.00850140487464923
2022-03-22,"AAPL","Apple Inc.","Information Technology",168.572327,0.0208005728563871,0.0205871947919958
2022-03-23,"AAPL","Apple Inc.","Information Technology",169.960297,0.00823367645627859,0.00819996466386552
2022-03-24,"AAPL","Apple Inc.","Information Technology",173.814621,0.022677790448907,0.0224244720093996
2022-03-25,"AAPL","Apple Inc.","Information Technology",174.463669,0.00373413925863016,0.00372718466819144
2022-03-28,"AAPL","Apple Inc.","Information Technology",175.342377,0.0050366245593516,0.00502398319464614
2022-03-29,"AAPL","Apple Inc.","Information Technology",178.697449,0.0191344046852975,0.0189536441544069
2022-03-30,"AAPL","Apple Inc.","Information Technology",177.509201,-0.00664949615481089,-0.00667170255000293
2022-03-31,"AAPL","Apple Inc.","Information Technology",174.353836,-0.0177757827888594,-0.0179356695914148
2022-04-01,"AAPL","Apple Inc.","Information Technology",174.05426,-0.00171820710615166,-0.00171968491701424
2022-04-04,"AAPL","Apple Inc.","Information Technology",178.178207,0.0236934562819663,0.0234171227007938
2022-04-05,"AAPL","Apple Inc.","Information Technology",174.803162,-0.0189419629753037,-0.0191236600814051
2022-04-06,"AAPL","Apple Inc.","Information Technology",171.577911,-0.0184507589170497,-0.0186230973106554
2022-04-07,"AAPL","Apple Inc.","Information Technology",171.887451,0.00180407838162803,0.00180245298682369
2022-04-08,"AAPL","Apple Inc.","Information Technology",169.840454,-0.0119089380178196,-0.0119804174833202
2022-04-11,"AAPL","Apple Inc.","Information Technology",165.506821,-0.0255159056510765,-0.0258470820261918
2022-04-12,"AAPL","Apple Inc.","Information Technology",167.414032,0.0115234586011412,0.0114575692510916
2022-04-13,"AAPL","Apple Inc.","Information Technology",170.149994,0.0163424891409341,0.0162103879634854
2022-04-14,"AAPL","Apple Inc.","Information Technology",165.047501,-0.0299882055828928,-0.0304470483657369
2022-04-18,"AAPL","Apple Inc.","Information Technology",164.827835,-0.00133092593749734,-0.00133181240605929
2022-04-19,"AAPL","Apple Inc.","Information Technology",167.154404,0.0141151462676192,0.0140164551988846
2022-04-20,"AAPL","Apple Inc.","Information Technology",166.98465,-0.00101555206406654,-0.00101606808645904
2022-04-21,"AAPL","Apple Inc.","Information Technology",166.175842,-0.00484360688242901,-0.00485537516223644
2022-04-22,"AAPL","Apple Inc.","Information Technology",161.552628,-0.0278212160345184,-0.0282155573146383
2022-04-25,"AAPL","Apple Inc.","Information Technology",162.641037,0.00673717916863607,0.00671458579735251
2022-04-26,"AAPL","Apple Inc.","Information Technology",156.569962,-0.0373280637653584,-0.0380425937245601
2022-04-27,"AAPL","Apple Inc.","Information Technology",156.340302,-0.00146682030873837,-0.00146789714279105
2022-04-28,"AAPL","Apple Inc.","Information Technology",163.399918,0.0451554455868967,0.0441656261121244
2022-04-29,"AAPL","Apple Inc.","Information Technology",157.418701,-0.0366047735715511,-0.0372915397199769
2022-05-02,"AAPL","Apple Inc.","Information Technology",157.728256,0.00196644361841093,0.00196451269910725
2022-05-03,"AAPL","Apple Inc.","Information Technology",159.246017,0.00962263223147543,0.00957662958156025
2022-05-04,"AAPL","Apple Inc.","Information Technology",165.776428,0.0410083160824048,0.0401897781527047
2022-05-05,"AAPL","Apple Inc.","Information Technology",156.540009,-0.0557161178548256,-0.0573284354332033
2022-05-06,"AAPL","Apple Inc.","Information Technology",157.279999,0.00472716211483038,0.00471602417078554
2022-05-09,"AAPL","Apple Inc.","Information Technology",152.059998,-0.033189223252729,-0.0337524833931813
2022-05-10,"AAPL","Apple Inc.","Information Technology",154.509995,0.0161120415114039,0.0159836201543735
2022-05-11,"AAPL","Apple Inc.","Information Technology",146.5,-0.0518412740871554,-0.0532333583448388
2022-05-12,"AAPL","Apple Inc.","Information Technology",142.559998,-0.0268942116040955,-0.0272624787638041
2022-05-13,"AAPL","Apple Inc.","Information Technology",147.110001,0.0319164075745849,0.0314176633664367
2022-05-16,"AAPL","Apple Inc.","Information Technology",145.539993,-0.0106723403529853,-0.0107296982375589
2022-05-17,"AAPL","Apple Inc.","Information Technology",149.240005,0.0254226479178131,0.0251048670338427
2022-05-18,"AAPL","Apple Inc.","Information Technology",140.820007,-0.0564191752740828,-0.0580732530562047
2022-05-19,"AAPL","Apple Inc.","Information Technology",137.350006,-0.0246413920431065,-0.0249500725745335
2022-05-20,"AAPL","Apple Inc.","Information Technology",137.589996,0.00174728787416293,0.00174576314254438
2022-05-23,"AAPL","Apple Inc.","Information Technology",143.110001,0.0401192322151096,0.0393353529425715
2022-05-24,"AAPL","Apple Inc.","Information Technology",140.360001,-0.0192159875674936,-0.019403014470865
2022-05-25,"AAPL","Apple Inc.","Information Technology",140.520004,0.00113994727030523,0.00113929802377299
2022-05-26,"AAPL","Apple Inc.","Information Technology",143.779999,0.0231995083063049,0.022934490737331
2022-05-27,"AAPL","Apple Inc.","Information Technology",149.639999,0.0407567119262533,0.039948056196585
2022-05-31,"AAPL","Apple Inc.","Information Technology",148.839996,-0.00534618421108099,-0.00536052619331517
2022-06-01,"AAPL","Apple Inc.","Information Technology",148.710007,-0.000873347241960576,-0.000873728831852993
2022-06-02,"AAPL","Apple Inc.","Information Technology",151.210007,0.0168112425682288,0.0166714976457385
2022-06-03,"AAPL","Apple Inc.","Information Technology",145.380005,-0.0385556625230497,-0.0393186069686955
2022-06-06,"AAPL","Apple Inc.","Information Technology",146.139999,0.0052276377346388,0.00521402107120306
2022-06-07,"AAPL","Apple Inc.","Information Technology",148.710007,0.0175859314190908,0.0174330882517539
2022-06-08,"AAPL","Apple Inc.","Information Technology",147.960007,-0.00504337277046864,-0.00505613349773615
2022-06-09,"AAPL","Apple Inc.","Information Technology",142.639999,-0.0359557160604893,-0.0366180477301077
2022-06-10,"AAPL","Apple Inc.","Information Technology",137.130005,-0.0386286738546596,-0.0393945490707148
2022-06-13,"AAPL","Apple Inc.","Information Technology",131.880005,-0.0382848378077431,-0.0390369613567296
2022-06-14,"AAPL","Apple Inc.","Information Technology",132.759995,0.00667265670789133,0.00665049307304244
2022-06-15,"AAPL","Apple Inc.","Information Technology",135.429993,0.0201114650539117,0.019911900790234
2022-06-16,"AAPL","Apple Inc.","Information Technology",130.059998,-0.0396514455996464,-0.0404589829165731
2022-06-17,"AAPL","Apple Inc.","Information Technology",131.559998,0.0115331387287888,0.0114671390551795
2022-06-21,"AAPL","Apple Inc.","Information Technology",135.869995,0.0327606952380767,0.0322355033176827
2022-06-22,"AAPL","Apple Inc.","Information Technology",135.350006,-0.00382710693409521,-0.00383444904652386
