"date","jpy_per_usd","twd_per_usd","twd_per_jpy","log_return_twd_per_jpy"
2020-01-02,108.43,29.99,0.276583971225676,
2020-01-03,107.94,30.03,0.278210116731518,0.00586217552791513
2020-01-06,108.36,30.06,0.277408637873754,-0.00288499769680817
2020-01-07,108.53,30.05,0.276881968119414,-0.00190033858464078
2020-01-08,109.03,30.02,0.275337063193616,-0.00559527603626764
2020-01-09,109.47,29.95,0.273590938156573,-0.00636196704203318
2020-01-10,109.5,29.97,0.273698630136986,0.000393546627023955
2020-01-13,109.93,29.88,0.271809333212044,-0.00692677139817244
2020-01-14,110.05,29.89,0.27160381644707,-0.000756392350467872
2020-01-15,109.94,29.91,0.272057485901401,0.00166894188596634
2020-01-16,110.16,29.93,0.271695715323166,-0.00133064276513406
2020-01-17,110.16,29.93,0.271695715323166,0
2020-01-20,,,,
2020-01-21,109.95,29.98,0.272669395179627,
2020-01-22,109.93,29.97,0.272628036022924,-0.000151693935882324
2020-01-23,109.39,30.04,0.274613767254776,0.00725726702643525
2020-01-24,109.31,30.03,0.274723264111243,0.00039865092526048
2020-01-27,108.95,30.1,0.276273519963286,0.00562711067470634
2020-01-28,109.17,30.1,0.275716772006962,-0.00201723890154915
2020-01-29,109.15,30.1,0.275767292716445,0.000183217296224836
2020-01-30,108.75,30.26,0.278252873563218,0.00897294963253947
2020-01-31,108.5,30.23,0.278617511520737,0.00130959741943593
2020-02-03,108.59,30.29,0.278939128833226,0.00115366699948427
2020-02-04,109.41,30.12,0.275294762818755,-0.0131511933673423
2020-02-05,109.74,30,0.273373428102788,-0.00700365941166825
2020-02-06,109.89,30.04,0.273364273364273,-3.34885942248064e-05
2020-02-07,109.81,30.1,0.2741098260632,0.00272361070810678
2020-02-10,109.77,30.08,0.274027512070693,-0.000300340762794171
2020-02-11,109.78,30.02,0.273456002914921,-0.00208776829884116
2020-02-12,110,29.98,0.272545454545455,-0.00333533620153736
2020-02-13,109.81,29.98,0.273017029414443,0.00172876618279427
2020-02-14,109.77,30.02,0.273480914639701,0.00169766544126104
2020-02-17,,,,
2020-02-18,109.8,30.11,0.274225865209472,
2020-02-19,111.17,30.11,0.270846451380768,-0.0124000321700934
2020-02-20,111.86,30.26,0.270516717325228,-0.00121816228135074
2020-02-21,111.74,30.4,0.272060139609808,0.0056892454144053
2020-02-24,110.56,30.45,0.275416063675832,0.0122597697553728
2020-02-25,110.23,30.34,0.275242674408056,-0.000629752191384059
2020-02-26,110.36,30.28,0.274374773468648,-0.00315820272499923
2020-02-27,110.15,30.23,0.274443940081707,0.000252056322851635
2020-02-28,108.12,30.18,0.279134295227525,0.0169459963884415
2020-03-02,108.02,29.88,0.276615441584892,-0.00906476683158441
2020-03-03,107.28,29.82,0.277964205816555,0.00486410526329761
2020-03-04,107.34,29.92,0.278740450903671,0.00278871599442465
2020-03-05,106.56,29.91,0.280686936936937,0.00695887949218377
2020-03-06,105.31,29.94,0.284303484949198,0.012802331749199
2020-03-09,102.52,29.97,0.292333203277409,0.0278519822337251
2020-03-10,103.71,29.91,0.288400347121782,-0.0135446497924878
2020-03-11,104.81,30.07,0.286900104951818,-0.00521552022186222
2020-03-12,105.67,30.18,0.285606132298666,-0.00452038693158818
2020-03-13,107.15,30.13,0.281194587027531,-0.0155667916641395
2020-03-16,105.64,30.19,0.285781900795153,0.0161820250671922
2020-03-17,107.41,30.21,0.281258728237594,-0.015953948501191
2020-03-18,108.45,30.37,0.280036883356385,-0.00435366600385101
2020-03-19,110.08,30.4,0.276162790697674,-0.0139308075576317
2020-03-20,111.3,30.3,0.272237196765499,-0.0143167799933179
2020-03-23,111.36,30.33,0.272359913793103,0.000450670880555615
2020-03-24,111.44,30.16,0.270638908829864,-0.00633891144617493
2020-03-25,111.43,30.29,0.271829848335278,0.00439082031197824
2020-03-26,109.45,30.19,0.275833714024669,0.0146218857696923
2020-03-27,108.16,30.21,0.279308431952663,0.0125184633540512
2020-03-30,108.06,30.24,0.279844530816213,0.00191753979148568
2020-03-31,107.53,30.25,0.281316841811587,0.00524738317900297
2020-04-01,107.05,30.29,0.282951891639421,0.0057953039290386
2020-04-02,107.85,30.2,0.280018544274455,-0.0104210584577955
2020-04-03,108.53,30.26,0.27881691698148,-0.00430047564337221
2020-04-06,109.11,30.21,0.276876546604344,-0.00698362817071296
2020-04-07,108.97,30.08,0.276039276865192,-0.00302856363872905
2020-04-08,108.7,30.11,0.277000919963201,0.0034776642736345
2020-04-09,108.38,30.01,0.276896106292674,-0.000378459052171154
2020-04-10,108.39,30.06,0.277331857182397,0.00157246118286225
2020-04-13,107.59,30.06,0.27939399572451,0.0074081272218407
2020-04-14,107.08,30.07,0.280818079940232,0.00508410062927545
2020-04-15,107.42,30.04,0.27964997207224,-0.00416833592966537
2020-04-16,107.72,30.11,0.279520980319346,-0.00046136786837625
2020-04-17,107.52,30.07,0.279668898809524,0.000529045675353945
2020-04-20,107.69,30.04,0.278948834617885,-0.00257802267045393
2020-04-21,107.69,30.1,0.279505989414059,0.00199534485889608
2020-04-22,107.81,30.1,0.279194879881273,-0.00111368921023702
2020-04-23,107.65,30.08,0.279424059451927,0.000820522067463303
2020-04-24,107.44,30.1,0.280156366344006,0.00261734426858107
2020-04-27,107.22,30.02,0.279985077410931,-0.000611591733923555
2020-04-28,106.83,29.99,0.280726387718806,0.00264417899719738
2020-04-29,106.67,29.89,0.280209993437705,-0.00184118714466663
2020-04-30,106.94,29.72,0.277912848326164,-0.00823172932948224
2020-05-01,106.76,29.72,0.278381416260772,0.00168460498426204
2020-05-04,106.82,29.82,0.27916120576671,0.00279723911173324
2020-05-05,106.52,29.84,0.280135185880586,0.00348287996486052
2020-05-06,106.07,29.9,0.281889318374658,0.00624221248943324
2020-05-07,106.36,29.9,0.281120722075968,-0.0027303128574403
2020-05-08,106.5,29.87,0.280469483568075,-0.00231926694328299
2020-05-11,107.7,29.87,0.277344475394615,-0.0112045990128631
2020-05-12,107.33,29.88,0.278393738935992,0.00377611170550796
2020-05-13,106.92,29.91,0.279741863075196,0.00483082159995485
2020-05-14,107.09,29.91,0.279297786908208,-0.00158871114206538
2020-05-15,107.27,29.94,0.279108790901464,-0.000676911846928308
2020-05-18,107.25,29.96,0.279347319347319,0.000854242458747878
2020-05-19,107.89,29.94,0.277504866067291,-0.00661741141265892
2020-05-20,107.46,29.97,0.278894472361809,0.0049950065996629
2020-05-21,107.69,29.91,0.277741665892841,-0.00414205272682944
2020-05-22,107.5,30.08,0.279813953488372,0.00743350821285449
2020-05-25,,,,
2020-05-26,107.64,29.97,0.278428093645485,
2020-05-27,107.79,30.04,0.278690045458762,0.000940381632529963
2020-05-28,107.67,29.97,0.278350515463918,-0.00121904960145036
2020-05-29,107.77,30.01,0.278463394265566,0.000405445342589239
2020-06-01,107.56,29.91,0.27807735217553,-0.00138729160234297
2020-06-02,108.6,29.91,0.275414364640884,-0.00962257609917105
2020-06-03,108.88,29.88,0.27443056576047,-0.0035784632206155
2020-06-04,109,29.9,0.274311926605505,-0.000432403753908961
2020-06-05,109.68,29.78,0.271517140773158,-0.0102406061656932
2020-06-08,108.46,29.75,0.274294670846395,0.0101776985769204
2020-06-09,107.66,29.68,0.275682704811443,0.00504761458764413
2020-06-10,107.25,29.54,0.275431235431235,-0.000912585871261085
2020-06-11,106.67,29.65,0.277960063748008,0.00913944951123558
2020-06-12,107.36,29.63,0.275987332339791,-0.00712248044424069
2020-06-15,107.33,29.67,0.27643715643343,0.00162854544719537
2020-06-16,107.35,29.65,0.27619934792734,-0.00086063269035308
2020-06-17,107.26,29.64,0.276337870594816,0.000501405754162576
2020-06-18,106.78,29.59,0.277111818692639,0.00279681646697094
2020-06-19,106.89,29.59,0.276826644213678,-0.00102962521381422
2020-06-22,106.84,29.6,0.277049794084612,0.000805774961990746
2020-06-23,106.44,29.54,0.277527245396468,0.00172185790549073
2020-06-24,106.83,29.52,0.276326874473462,-0.00433461721926953
2020-06-25,107.21,29.52,0.275347448932003,-0.00355074191035221
2020-06-26,107.19,29.51,0.275305532232484,-0.000152243612703495
2020-06-29,107.71,29.45,0.273419366818308,-0.00687474851650305
2020-06-30,107.77,29.44,0.273174352788346,-0.000896512482981837
2020-07-01,107.5,29.43,0.273767441860465,0.00216874742572859
2020-07-02,107.55,29.45,0.273826127382613,0.00021433970619289
2020-07-03,,,,
2020-07-06,107.5,29.4,0.273488372093023,
2020-07-07,107.53,29.45,0.273877057565331,0.00142020491824235
2020-07-08,107.39,29.43,0.274047862929509,0.00062346268009561
2020-07-09,107.27,29.42,0.274261210030764,0.000778200188697342
2020-07-10,106.77,29.45,0.275826543036433,0.00569122734343086
2020-07-13,107.22,29.42,0.27438910650998,-0.00522500513348478
2020-07-14,107.2,29.45,0.274720149253731,0.00120574468699419
2020-07-15,106.92,29.5,0.275907220351665,0.00431171061416191
2020-07-16,107.05,29.44,0.275011676786548,-0.00325109325007222
2020-07-17,107.06,29.46,0.275172800298898,0.00058570724426521
2020-07-20,107.21,29.45,0.274694524764481,-0.00173960383980165
2020-07-21,106.82,29.4,0.275229357798165,0.00194511720356449
2020-07-22,107.18,29.41,0.274398208621011,-0.00302441093381223
2020-07-23,106.83,29.41,0.275297201160723,0.00327087810890814
2020-07-24,105.79,29.45,0.278381699593534,0.0111419464908047
2020-07-27,105.29,29.31,0.27837401462627,-2.76062447794878e-05
2020-07-28,105.03,29.3,0.278967913929353,0.00213118553420455
2020-07-29,105.06,29.26,0.278507519512659,-0.00165171232217465
2020-07-30,105.05,29.32,0.279105188005712,0.00214366966127866
2020-07-31,105.78,29.34,0.277368122518434,-0.00624314265043968
2020-08-03,106.11,29.35,0.276599754971256,-0.00277405268839526
2020-08-04,105.87,29.38,0.277510153962407,0.00328599000183627
2020-08-05,105.44,29.34,0.278262518968134,0.00270745757019575
2020-08-06,105.52,29.37,0.278335860500379,0.000263534840831081
2020-08-07,105.92,29.39,0.277473564954683,-0.00310284855934162
2020-08-10,105.85,29.39,0.277657061880019,0.000661094607824042
2020-08-11,106.56,29.39,0.275807057057057,-0.00668520921120508
2020-08-12,106.85,29.37,0.274871314927468,-0.00339851019337489
2020-08-13,106.89,29.43,0.275329778276733,0.001666530514155
2020-08-14,106.49,29.38,0.275894450183116,0.0020487927589119
2020-08-17,105.97,29.38,0.277248277814476,0.0048950488405477
2020-08-18,105.41,29.39,0.278816051608007,0.00563883660474152
2020-08-19,105.71,29.37,0.27783558792924,-0.00352272273377108
2020-08-20,105.81,29.42,0.278045553350345,0.000755432827264091
2020-08-21,105.88,29.4,0.277672837174159,-0.00134138527148586
2020-08-24,105.9,29.38,0.277431539187913,-0.000869378847365043
2020-08-25,106.4,29.38,0.276127819548872,-0.00471032430018314
2020-08-26,106.13,29.34,0.276453406199943,0.00117842110291733
2020-08-27,106.42,29.36,0.275887990979139,-0.00204734036301302
2020-08-28,105.3,29.34,0.278632478632479,0.00989867899681451
2020-08-31,105.84,29.37,0.27749433106576,-0.00409312817107743
2020-09-01,106,29.36,0.276981132075472,-0.00185111576958086
2020-09-02,106.15,29.36,0.276589731512011,-0.00141409403719805
2020-09-03,106.14,29.35,0.276521575277935,-0.000246446722693028
2020-09-04,106.34,29.32,0.275719390633816,-0.00290519993209837
2020-09-07,,,,
2020-09-08,105.97,29.25,0.276021515523261,
2020-09-09,106.23,29.29,0.275722488939094,-0.0010839324434011
2020-09-10,106.19,29.27,0.275638007345324,-0.000306447759679696
2020-09-11,106.17,29.3,0.275972496938872,0.00121277470949965
2020-09-14,105.68,29.23,0.276589704769114,0.00223398591154478
2020-09-15,105.5,29.23,0.277061611374408,0.0017047072979488
2020-09-16,104.94,29.21,0.278349533066514,0.00463773193405048
2020-09-17,104.77,29.14,0.278133053354968,-0.000778028738898762
2020-09-18,104.44,29.02,0.277862887782459,-0.000971825777071444
2020-09-21,104.69,28.99,0.276912790142325,-0.00342516302281326
2020-09-22,105.05,29.05,0.276534983341266,-0.00136528459538954
2020-09-23,105.34,29.15,0.276722992215683,0.000679642734347174
2020-09-24,105.42,29.31,0.278030734206033,0.00471468455448187
2020-09-25,105.59,29.25,0.277014868832276,-0.00366047943629755
2020-09-28,105.5,29.08,0.27563981042654,-0.00497620411024502
2020-09-29,105.68,29.03,0.274697199091597,-0.00342558192672882
2020-09-30,105.58,28.95,0.274199659026331,-0.00181287319893442
2020-10-01,105.53,28.86,0.273476736473041,-0.00263996396080834
2020-10-02,105.36,28.91,0.274392558845862,0.0033432179305033
2020-10-05,105.7,28.75,0.271996215704825,-0.00877162422606159
2020-10-06,105.64,28.79,0.272529344945097,0.00195814282798557
2020-10-07,105.97,28.66,0.270453902047749,-0.00764462998187199
2020-10-08,105.98,28.65,0.27033402528779,-0.000443341117148721
2020-10-09,105.72,28.62,0.270715096481271,0.00140863829608406
2020-10-12,,,,
2020-10-13,105.55,28.74,0.272288015158693,
2020-10-14,105.08,28.76,0.27369623144271,0.00515846167895773
2020-10-15,105.38,28.77,0.273011956728032,-0.00250325525319006
2020-10-16,105.41,28.75,0.272744521392657,-0.000980053806055148
2020-10-19,105.42,28.73,0.272528931891482,-0.000790757412124421
2020-10-20,105.56,28.7,0.271883289124668,-0.00237189043368535
2020-10-21,104.58,28.67,0.274144195830943,0.00828134000484204
2020-10-22,104.88,28.68,0.273455377574371,-0.00251577485931875
2020-10-23,104.78,28.65,0.273430043901508,-9.26470953004355e-05
2020-10-26,104.86,28.62,0.272935342361244,-0.00181088219675662
2020-10-27,104.44,28.56,0.273458445040214,0.00191474665653746
2020-10-28,104.33,28.57,0.273842614780025,0.00140387012234799
2020-10-29,104.69,28.59,0.273091985863024,-0.00274485975984673
2020-10-30,104.54,28.57,0.273292519609719,0.000734038954948835
2020-11-02,104.8,28.55,0.272423664122137,-0.00318427874282823
2020-11-03,104.5,28.61,0.27377990430622,0.00496607144207561
2020-11-04,104.39,28.6,0.273972602739726,0.000703596748446778
2020-11-05,103.67,28.54,0.275296614256776,0.0048210023080697
2020-11-06,103.32,28.59,0.2767131242741,0.00513220339291109
2020-11-09,105.58,28.58,0.270695207425649,-0.0219878250003296
2020-11-10,105.36,28.55,0.270975702353835,0.00103566556074264
2020-11-11,,,,
2020-11-12,105.16,28.5,0.271015595283378,
2020-11-13,104.61,28.51,0.272536086416213,0.00559466615598692
2020-11-16,104.54,28.52,0.272814233786111,0.001020068692408
2020-11-17,104.2,28.53,0.273800383877159,0.00360821364482278
2020-11-18,103.72,28.5,0.274778249132279,0.00356509069799915
2020-11-19,103.85,28.52,0.274626865671642,-0.000551081380167462
2020-11-20,103.81,28.52,0.274732684712455,0.000385245116967248
2020-11-23,104.42,28.52,0.273127753303965,-0.00585892277725208
2020-11-24,104.61,28.5,0.272440493260683,-0.00251942964475349
2020-11-25,104.39,28.48,0.272823067343615,0.00140326320463235
2020-11-26,,,,
2020-11-27,,,,
2020-11-30,104.38,28.55,0.273519831385323,
2020-12-01,104.4,28.54,0.273371647509579,-0.000541913286600249
2020-12-02,104.52,28.49,0.272579410639112,-0.0029022287427467
2020-12-03,103.77,28.39,0.273585814782693,0.00368535101028766
2020-12-04,104.16,28.21,0.270833333333333,-0.0101117123140468
2020-12-07,104.01,28.25,0.271608499182771,0.00285806267376199
2020-12-08,104.14,28.24,0.271173420395621,-0.00160314433711983
2020-12-09,104.28,28.19,0.270329881089375,-0.00311554882956799
2020-12-10,104.3,28.23,0.270661553211889,0.00122616419795096
2020-12-11,103.88,28.17,0.271178282633808,0.00190731483506257
2020-12-14,104.06,28.14,0.270420911012877,-0.00279679926964826
2020-12-15,103.69,28.12,0.271192979072235,0.00285099254819188
2020-12-16,103.59,28.15,0.271744376870354,0.00203116614341114
2020-12-17,103.13,28.13,0.272762532725686,0.00373973965809937
2020-12-18,103.35,28.14,0.272278664731495,-0.00177552861532204
2020-12-21,103.44,28.16,0.272235112142305,-0.000159968732226234
2020-12-22,103.62,28.18,0.271955220999807,-0.00102865174234767
2020-12-23,103.52,28.14,0.271831530139104,-0.0004549241502394
2020-12-24,,,,
2020-12-25,,,,
2020-12-28,103.84,28.11,0.270704930662558,
2020-12-29,103.5,28.1,0.271497584541063,0.00292383167161581
2020-12-30,103.31,28.1,0.271996902526377,0.00183743584406981
2020-12-31,103.19,28.08,0.272119391413897,0.000450230551641173
2021-01-01,,,,
2021-01-04,103.19,28.08,0.272119391413897,
2021-01-05,102.7,27.99,0.272541382667965,0.00154955656286204
2021-01-06,103.25,28,0.271186440677966,-0.00498390825878747
2021-01-07,103.84,28.02,0.269838212634823,-0.00498399038098096
2021-01-08,103.89,27.98,0.269323322745211,-0.00190996579818625
2021-01-11,104.16,28,0.268817204301075,-0.00188099043994994
2021-01-12,104.09,28,0.268997982515131,0.000672268932882192
2021-01-13,103.91,28.01,0.269560196323742,0.00208784875963497
2021-01-14,103.66,28.01,0.270210302913371,0.00240882710299495
2021-01-15,103.8,28.02,0.269942196531792,-0.000992706333384108
2021-01-18,,,,
2021-01-19,103.86,28.02,0.269786250722126,
2021-01-20,,,,
2021-01-21,103.57,27.97,0.270058897364102,
2021-01-22,103.76,27.96,0.26946800308404,-0.00219041725565994
2021-01-25,103.78,27.99,0.269705145500096,0.000879652230347583
2021-01-26,103.69,28.02,0.270228565917639,0.00193883275090556
2021-01-27,104.09,28,0.268997982515131,-0.00456426169084723
2021-01-28,104.31,28.03,0.268718243696673,-0.00104047015900965
2021-01-29,104.64,28.01,0.267679663608563,-0.00387242892568862
2021-02-01,104.97,27.99,0.266647613603887,-0.00386299308347282
2021-02-02,105.09,27.96,0.266057664858693,-0.00221491699155152
2021-02-03,105.05,27.94,0.265968586387435,-0.000334864950297886
2021-02-04,105.43,27.98,0.26538935786778,-0.00218018288932953
2021-02-05,105.44,27.95,0.26507966616085,-0.0011676148015658
2021-02-08,105.19,27.99,0.26608993250309,0.00380393592926831
2021-02-09,104.62,27.97,0.267348499330912,0.00471870449522394
2021-02-10,104.67,28,0.267507404222795,0.000594197037008248
2021-02-11,104.75,27.99,0.267207637231504,-0.00112122158329653
2021-02-12,104.94,27.99,0.26672384219554,-0.00181219945631872
2021-02-15,,,,
2021-02-16,105.88,27.99,0.264355874574991,
2021-02-17,105.83,28,0.264575262212983,0.000829550901109366
2021-02-18,105.69,27.94,0.264358028195667,-0.000821404262010939
2021-02-19,105.58,27.9,0.264254593673044,-0.00039134337571034
2021-02-22,105.06,27.92,0.265752903102989,0.00565393293650662
2021-02-23,105.21,27.85,0.264708677882331,-0.00393704881525947
2021-02-24,105.91,27.84,0.262864696440374,-0.00699045494245576
2021-02-25,106.22,27.81,0.261815100734325,-0.00400090535902065
2021-02-26,106.64,27.87,0.261346586646662,-0.00179108762821678
2021-03-01,106.68,27.87,0.261248593925759,-0.000375023443360156
2021-03-02,106.75,27.87,0.261077283372365,-0.000655952794920367
2021-03-03,106.92,27.76,0.259633370744482,-0.00554594501723749
2021-03-04,107.58,27.83,0.258691206543967,-0.00363542567518271
2021-03-05,108.24,27.89,0.257668144863267,-0.00396260091583778
2021-03-08,108.92,28.23,0.259181050312156,0.00585435668297407
2021-03-09,108.64,28.29,0.260401325478645,0.00469714704325064
2021-03-10,108.58,28.34,0.26100571007552,0.00231828428213965
2021-03-11,108.44,28.21,0.260143858354851,-0.00330750540178926
2021-03-12,108.87,28.21,0.259116377330761,-0.00395748526262385
2021-03-15,109.11,28.24,0.258821372926405,-0.00113915016278221
2021-03-16,109.01,28.27,0.25933400605449,0.00197868560719772
2021-03-17,109.22,28.33,0.259384728071782,0.000195566553185644
2021-03-18,108.97,28.38,0.260438652840231,0.00405493962468451
2021-03-19,108.85,28.42,0.261093247588424,0.00251027824529615
2021-03-22,108.67,28.4,0.261341676635686,0.00095104310400207
2021-03-23,108.61,28.44,0.261854341220882,0.00195974255069542
2021-03-24,108.81,28.48,0.261740648837423,-0.000434276062241334
2021-03-25,109.13,28.59,0.261981123430771,0.000918329628367687
2021-03-26,109.55,28.59,0.260976722957554,-0.00384123391647706
2021-03-29,109.73,28.54,0.26009295543607,-0.00339213124676219
2021-03-30,110.19,28.51,0.258734912423995,-0.00523505462108775
2021-03-31,110.61,28.48,0.257481240394178,-0.00485716879528275
2021-04-01,110.61,28.53,0.25793327908869,0.00175407868163369
2021-04-02,110.67,28.51,0.257612722508358,-0.00124356166335904
2021-04-05,110.08,28.45,0.258448401162791,0.0032386837394196
2021-04-06,109.83,28.44,0.258945643266867,0.00192210274747917
2021-04-07,109.67,28.42,0.259141059542263,0.000754376762051479
2021-04-08,109.25,28.45,0.260411899313501,0.00489206069980308
2021-04-09,109.64,28.43,0.259303174024079,-0.00426667236831668
2021-04-12,109.43,28.44,0.25989216850955,0.0022688752763651
2021-04-13,109.19,28.48,0.260829746313765,0.00360107301311152
2021-04-14,108.93,28.45,0.261176902597999,0.00133008396018552
2021-04-15,108.78,28.33,0.260433903291046,-0.0028488666303752
2021-04-16,108.78,28.34,0.260525831954403,0.000352920420109148
2021-04-19,108.09,28.15,0.260431122212971,-0.00036359911013184
2021-04-20,108.07,28.12,0.26020172110669,-0.000881239530197586
2021-04-21,108.09,28.09,0.259876029234897,-0.00125247393934957
2021-04-22,108.17,28.09,0.259683831006749,-0.000739850214086513
2021-04-23,107.94,28.09,0.26023716879748,0.00212854645170157
2021-04-26,108.12,27.89,0.257954125046245,-0.00881164369450493
2021-04-27,108.56,27.89,0.256908621960206,-0.00406129411836664
2021-04-28,108.81,27.9,0.256410256410256,-0.00194173924838492
2021-04-29,108.94,27.85,0.255645309344593,-0.00298775244663441
2021-04-30,109.33,27.9,0.255190707033751,-0.00177983703683826
2021-05-03,109.08,27.93,0.256050605060506,0.00336396459877109
2021-05-04,109.34,27.98,0.255899030546918,-0.000592146209215771
2021-05-05,109.27,27.96,0.255879930447515,-7.46419875263804e-05
2021-05-06,109.17,27.95,0.256022716863607,0.000557865525974588
2021-05-07,108.52,27.89,0.257003317360855,0.00382281453973654
2021-05-10,108.7,27.77,0.255473781048758,-0.00596920665712197
2021-05-11,108.53,27.92,0.257256058232747,0.00695213824470353
2021-05-12,109.53,27.95,0.255181228887063,-0.00809793017079508
2021-05-13,109.56,27.95,0.255111354508945,-0.000273860059222475
2021-05-14,109.37,27.96,0.255645972387309,0.00209343281224461
2021-05-17,109.17,28.09,0.257305120454337,0.00646905280549914
2021-05-18,109.01,27.96,0.256490230254105,-0.00317204459863207
2021-05-19,108.76,27.98,0.257263699889665,0.00301105324772277
2021-05-20,108.79,27.96,0.257008916260686,-0.000990850540446786
2021-05-21,108.94,27.97,0.256746833119148,-0.00102026367427843
2021-05-24,108.81,27.93,0.256685966363386,-0.000237097264175201
2021-05-25,108.95,27.9,0.25608077099587,-0.00236051055747377
2021-05-26,109.1,27.78,0.254628780934922,-0.00568618294951806
2021-05-27,109.81,27.8,0.253164556962025,-0.00576702340020319
2021-05-28,109.83,27.7,0.252207957752891,-0.00378572369393115
2021-05-31,,,,
2021-06-01,109.43,27.56,0.251850498035274,
2021-06-02,109.59,27.63,0.252121543936491,0.00107563874491823
2021-06-03,110.28,27.68,0.250997461008342,-0.00446846486615127
2021-06-04,109.42,27.66,0.252787424602449,0.00710609300705944
2021-06-07,109.25,27.73,0.253821510297483,0.00408238805105476
2021-06-08,109.47,27.71,0.253128711062392,-0.00273320589356607
2021-06-09,109.61,27.73,0.252987866070614,-0.000556571358366398
2021-06-10,109.49,27.66,0.252625810576308,-0.00143214304877604
2021-06-11,109.75,27.69,0.252300683371298,-0.001287820123689
2021-06-14,109.98,27.69,0.25177304964539,-0.00209347912438806
2021-06-15,110.12,27.67,0.251271340355975,-0.00199469257877349
2021-06-16,109.88,27.64,0.251547142337095,0.00109702414796797
2021-06-17,110.28,27.78,0.251904243743199,0.00141861349820571
2021-06-18,110.21,27.81,0.252336448598131,0.00171428037182109
2021-06-21,110.22,27.93,0.253402286336418,0.00421497995957321
2021-06-22,110.75,28.01,0.252911963882619,-0.00193683115522392
2021-06-23,110.86,27.96,0.252209994587768,-0.00277940697282131
2021-06-24,110.91,27.98,0.252276620683437,0.000264134246733994
2021-06-25,110.78,27.91,0.251940783534934,-0.00133211267741196
2021-06-28,110.5,27.89,0.252398190045249,0.0018138857383172
2021-06-29,110.53,27.93,0.252691576947435,0.00116172195263142
2021-06-30,111.05,27.91,0.25132823052679,-0.00540990542642716
2021-07-01,111.56,27.91,0.250179275726067,-0.00458201241885181
2021-07-02,111.28,27.94,0.251078360891445,0.00358732142468576
2021-07-05,,,,
2021-07-06,110.66,28,0.253027290800651,
2021-07-07,110.62,28.01,0.253209184595914,0.000718612000244923
2021-07-08,109.82,28.01,0.255053724276088,0.00725824271580566
2021-07-09,110.18,27.98,0.253948084951897,-0.00434435022852631
2021-07-12,110.36,28,0.253715114171801,-0.000917816366646118
2021-07-13,110.36,28,0.253715114171801,0
2021-07-14,110.03,27.99,0.254385167681541,0.00263748681942233
2021-07-15,110.05,27.89,0.253430258973194,-0.00376085397861403
2021-07-16,110.13,27.98,0.254063379642241,0.0024950893935558
2021-07-19,109.45,28.05,0.256281407035176,0.0086923249393509
2021-07-20,109.92,28.06,0.255276564774381,-0.0039285617995577
2021-07-21,110.22,28.06,0.25458174559971,-0.00272553998105018
2021-07-22,110.1,28.02,0.25449591280654,-0.000337209038999031
2021-07-23,110.52,28.03,0.253619254433587,-0.00345063205874552
2021-07-26,110.31,28.06,0.254374036805367,0.00297162557154351
2021-07-27,109.64,28.08,0.256110908427581,0.0068048170300008
2021-07-28,110.06,28,0.254406687261494,-0.0066764691794341
2021-07-29,109.53,27.91,0.254816032137314,0.00160772466898429
2021-07-30,109.7,27.96,0.254876937101185,0.000238986871849312
2021-08-02,109.22,27.92,0.255630836843069,0.00295353108573915
2021-08-03,109.09,27.9,0.255752131267761,0.000474378047490509
2021-08-04,109.44,27.77,0.25374634502924,-0.00787361177318657
2021-08-05,109.75,27.76,0.252938496583144,-0.00318876376114474
2021-08-06,110.22,27.86,0.252767192886953,-0.000677483786752697
2021-08-09,110.25,27.81,0.252244897959184,-0.00206844597765254
2021-08-10,110.54,27.84,0.251854532296001,-0.00154876485781608
2021-08-11,110.47,27.84,0.252014121480945,0.000633455520933301
2021-08-12,110.36,27.79,0.251812250815513,-0.000801350176708349
2021-08-13,109.75,27.84,0.253667425968109,0.00734028910561135
2021-08-16,109.26,27.84,0.254805052169138,0.0044746889877092
2021-08-17,109.59,27.85,0.254129026371019,-0.00265663560065521
2021-08-18,109.92,27.84,0.253275109170306,-0.00336582990581258
2021-08-19,109.75,27.98,0.2549430523918,0.00656391028987469
2021-08-20,109.77,28.03,0.255352099845131,0.0016031801954175
2021-08-23,109.78,27.97,0.25478229185644,-0.0022339533853466
2021-08-24,109.68,27.92,0.2545587162655,-0.000877901452012386
2021-08-25,110.03,27.91,0.253658093247296,-0.00354425097370314
2021-08-26,110.09,27.92,0.253610682169134,-0.000186926854549574
2021-08-27,109.84,27.87,0.253732702112163,0.000481015222281167
2021-08-30,109.91,27.78,0.252752251842417,-0.0038715917887524
2021-08-31,110.05,27.66,0.251340299863698,-0.00560196998124729
2021-09-01,110.03,27.7,0.251749522857403,0.00162683904732996
2021-09-02,110.01,27.66,0.251431688028361,-0.00126330182620382
2021-09-03,109.64,27.61,0.251824151769427,0.0015596990222102
2021-09-06,,,,
2021-09-07,110.17,27.64,0.250884995915403,
2021-09-08,110.32,27.72,0.251269035532995,0.00152956928916081
2021-09-09,109.76,27.67,0.252095481049563,0.00328368898460307
2021-09-10,109.93,27.65,0.251523696898026,-0.00227070144368802
2021-09-13,109.94,27.67,0.251682736037839,0.00063210298874905
2021-09-14,109.66,27.69,0.252507751231078,0.00327263584064763
2021-09-15,109.4,27.67,0.252925045703839,0.00165123660398558
2021-09-16,109.67,27.75,0.25303182274095,0.00042207960937235
2021-09-17,109.94,27.77,0.252592323085319,-0.00173844453413219
2021-09-20,109.47,27.85,0.254407600255778,0.00716088837063333
2021-09-21,109.33,27.76,0.25391018018842,-0.00195712306461693
2021-09-22,109.59,27.75,0.253216534355324,-0.00273559347506769
2021-09-23,110.17,27.75,0.251883452845602,-0.00527849787667245
2021-09-24,110.72,27.73,0.250451589595376,-0.00570084508214297
2021-09-27,110.97,27.7,0.249617013607281,-0.00333784907750667
2021-09-28,111.33,27.73,0.249079313751909,-0.00215642279374961
2021-09-29,111.83,27.83,0.248859876598408,-0.000881381389368441
2021-09-30,111.5,27.84,0.249686098654709,0.00331453006834304
2021-10-01,110.97,27.81,0.250608272506083,0.00368652916735557
2021-10-04,110.94,27.94,0.251847845682351,0.00493406546832653
2021-10-05,111.39,27.91,0.250561091659934,-0.00512234851059512
2021-10-06,111.33,27.97,0.251235066918171,0.00268625278212009
2021-10-07,111.5,27.99,0.251031390134529,-0.00081103084606382
2021-10-08,112.15,28.08,0.250378956754347,-0.00260239443579557
2021-10-11,,,,
2021-10-12,113.69,28.13,0.247427214354825,
2021-10-13,113.49,28.07,0.247334566922196,-0.000374513300006596
2021-10-14,113.59,28.05,0.246940751826745,-0.00159350533536862
2021-10-15,114.31,27.99,0.24486046715073,-0.00845991023569992
2021-10-18,114.22,27.98,0.244965855366836,0.000430308510943167
2021-10-19,114.27,27.83,0.243545987573291,-0.00581304962144125
2021-10-20,114.24,27.87,0.243960084033613,0.00169883652340563
2021-10-21,113.75,27.86,0.244923076923077,0.00393956761801717
2021-10-22,113.54,27.89,0.245640302976924,0.00292409337621757
2021-10-25,113.7,27.87,0.245118733509235,-0.002125563159451
2021-10-26,114.19,27.78,0.243278745949733,-0.00753483112472519
2021-10-27,113.75,27.82,0.244571428571429,0.00529951905159587
2021-10-28,113.38,27.78,0.245016757805609,0.00181919976580303
2021-10-29,114.03,27.83,0.244058581075156,-0.00391832456150776
2021-11-01,114.19,27.85,0.243891759348454,-0.000683765208796094
2021-11-02,113.78,27.86,0.244858498857444,0.00395597036942208
2021-11-03,114.06,27.85,0.244169735227073,-0.00281686838425821
2021-11-04,113.63,27.88,0.245357740033442,0.00485368931750529
2021-11-05,113.45,27.87,0.245658880564125,0.00122660030560073
2021-11-08,113.15,27.85,0.246133451171012,0.00192996402574042
2021-11-09,112.87,27.78,0.246123859307168,-3.89709350838707e-05
2021-11-10,113.89,27.75,0.243656159452103,-0.0100768534524789
2021-11-11,,,,
2021-11-12,113.9,27.82,0.244249341527656,
2021-11-15,113.96,27.8,0.243945243945244,-0.00124580497527638
2021-11-16,114.62,27.78,0.242366079218287,-0.00649448286427767
2021-11-17,114.33,27.81,0.243243243243243,0.00361263648938848
2021-11-18,114.22,27.83,0.243652600245141,0.00168149760908776
2021-11-19,113.81,27.78,0.244091028907829,0.00179778373131678
2021-11-22,114.69,27.8,0.242392536402476,-0.0069827617122391
2021-11-23,114.98,27.78,0.241607236041051,-0.00324504718910745
2021-11-24,115.34,27.78,0.240853129876886,-0.00312608799212155
2021-11-25,,,,
2021-11-26,113.46,27.84,0.24537281861449,
2021-11-29,113.75,27.78,0.24421978021978,-0.00471020407265987
2021-11-30,113.22,27.69,0.244568097509274,0.00142522907921872
2021-12-01,112.82,27.69,0.245435206523666,0.00353920029668386
2021-12-02,113.1,27.74,0.24526967285588,-0.000674677106429877
2021-12-03,112.88,27.71,0.245481927710843,0.000865019565717828
2021-12-06,113.31,27.73,0.24472685552908,-0.00308061709511698
2021-12-07,113.61,27.75,0.244256667546871,-0.00192312462458122
2021-12-08,113.83,27.72,0.243521040147588,-0.00301624262605316
2021-12-09,113.53,27.71,0.244076455562406,0.00227817271386765
2021-12-10,113.36,27.73,0.244618913196895,0.00222002454681691
2021-12-13,113.42,27.78,0.244930347381414,0.00127233049505415
2021-12-14,113.63,27.8,0.244653700607234,-0.00113012997364215
2021-12-15,113.83,27.82,0.244399543178424,-0.00103938560850225
2021-12-16,113.67,27.8,0.244567607988036,0.000687427839800803
2021-12-17,113.56,27.82,0.244980626981331,0.00168734789255409
2021-12-20,113.45,27.87,0.245658880564125,0.00276477537747977
2021-12-21,114.11,27.81,0.243712207519061,-0.00795585746872107
2021-12-22,114.22,27.81,0.243477499562248,-0.000963517790128599
2021-12-23,114.42,27.74,0.242440132843908,-0.00426972896285371
2021-12-24,,,,
2021-12-27,114.85,27.66,0.240835872877667,
2021-12-28,114.75,27.64,0.240871459694989,0.000147752857309502
2021-12-29,114.97,27.64,0.240410541880491,-0.00191537582499413
2021-12-30,115.17,27.74,0.240861335417209,0.00187334307204901
2021-12-31,,,,
2022-01-03,115.27,27.62,0.239611347271623,
2022-01-04,116.12,27.52,0.236996210816397,-0.0109740714595112
2022-01-05,115.91,27.6,0.238115779484082,0.00471287091373696
2022-01-06,115.78,27.64,0.238728623250993,0.00257041542615988
2022-01-07,115.61,27.66,0.239252659804515,0.00219270830077134
2022-01-10,115.14,27.67,0.240316136876846,0.00443514600178907
2022-01-11,115.38,27.69,0.239989599583983,-0.00135970619704384
2022-01-12,114.74,27.67,0.24115391319505,0.00483978627098258
2022-01-13,114.06,27.61,0.242065579519551,0.00377330558856048
2022-01-14,113.89,27.58,0.242163491087892,0.000404401865225834
2022-01-17,,,,
2022-01-18,114.6,27.58,0.24066317626527,
2022-01-19,114.28,27.62,0.241687084354218,0.00424550253405709
2022-01-20,114.08,27.62,0.24211079943899,0.00175162069658663
2022-01-21,113.72,27.7,0.243580724586704,0.00605293509533356
2022-01-24,113.82,27.74,0.243718151467229,0.000564035301213961
2022-01-25,113.88,27.71,0.243326308394802,-0.00160906524665738
2022-01-26,114.33,27.73,0.242543514388175,-0.0032222403912423
2022-01-27,115.47,27.83,0.241014982246471,-0.00632203649977314
2022-01-28,115.21,27.83,0.241558892457252,0.00225420591380221
2022-01-31,115.22,27.82,0.24145113695539,-0.00044618329677748
2022-02-01,114.77,27.83,0.24248496993988,0.0042726076541626
2022-02-02,114.36,27.81,0.243179433368311,0.00285985094654007
2022-02-03,114.88,27.83,0.24225278551532,-0.00381783055387697
2022-02-04,115.22,27.83,0.241537927443152,-0.00295523900432304
2022-02-07,115.09,27.86,0.242071422365106,0.00220630613769757
2022-02-08,115.62,27.79,0.24035633973361,-0.00711024527117776
2022-02-09,115.44,27.8,0.240817740817741,0.00191781413089376
2022-02-10,115.84,27.82,0.240158839779006,-0.00273984837308539
2022-02-11,115.91,27.83,0.24010007764645,-0.000244710220744793
2022-02-14,115.72,27.89,0.241012789491877,0.00379417389431747
2022-02-15,115.64,27.87,0.241006572120374,-2.57971857517969e-05
2022-02-16,115.41,27.84,0.241226930075383,0.000913905688194161
2022-02-17,115.03,27.86,0.242197687559767,0.00401617440983504
2022-02-18,115.08,27.85,0.242005561348627,-0.000793576753794767
2022-02-21,,,,
2022-02-22,114.94,27.84,0.242213328693231,
2022-02-23,115.12,27.86,0.242008339124392,-0.000846676614076225
2022-02-24,115.45,28.13,0.24365526201819,0.00678218092871385
2022-02-25,115.62,27.98,0.241999654039094,-0.006818069118256
2022-02-28,115.11,28.04,0.243593084875337,0.00656285165641357
2022-03-01,114.87,28.02,0.243927918516584,0.0013736175121295
2022-03-02,115.59,28.04,0.242581538195346,-0.00553487189133461
2022-03-03,115.67,28.06,0.242586668972076,2.11505067913009e-05
2022-03-04,114.65,28.16,0.245617095508068,0.0124147566189234
2022-03-07,115.41,28.25,0.244779481847327,-0.00341606982579168
2022-03-08,115.64,28.36,0.245243860255967,0.00189533235564499
2022-03-09,115.87,28.41,0.245188573401225,-0.00022546165865589
2022-03-10,116.05,28.28,0.243688065489013,-0.00613861454919951
2022-03-11,117.08,28.41,0.242654595148616,-0.00424997426551466
2022-03-14,118,28.47,0.241271186440678,-0.00571745721813
2022-03-15,118.19,28.58,0.241814028259582,0.00224739665329055
2022-03-16,118.48,28.57,0.241137744767049,-0.00280062719443364
2022-03-17,118.45,28.36,0.239425918108907,-0.00712427522400616
2022-03-18,119.17,28.35,0.237895443484098,-0.00641278598808581
2022-03-21,119.15,28.46,0.238858581619807,0.00404040404590877
2022-03-22,120.66,28.54,0.236532405105254,-0.00978645008088042
2022-03-23,121.02,28.59,0.236241943480416,-0.00122875389602961
2022-03-24,122.08,28.61,0.234354521625164,-0.00802144561417317
2022-03-25,121.98,28.67,0.235038530906706,0.00291444350109615
2022-03-28,123.25,28.78,0.233509127789047,-0.00652829449054582
2022-03-29,122.61,28.78,0.234727999347525,0.00520622667850379
2022-03-30,121.97,28.55,0.234073952611298,-0.0027902919680538
2022-03-31,121.44,28.62,0.235671936758893,0.0068036372341127
2022-04-01,122.6,28.68,0.233931484502447,-0.0074124682516763
2022-04-04,122.7,28.63,0.233333333333333,-0.00256022483615093
2022-04-05,123.48,28.67,0.232183349530288,-0.00494068713183782
2022-04-06,123.7,28.67,0.231770412287793,-0.0017800797644838
2022-04-07,123.8,28.82,0.232794830371567,0.00441022982404427
2022-04-08,124.31,28.94,0.232805084064033,4.40450788332658e-05
2022-04-11,125.55,29.07,0.231541218637993,-0.00544364643252315
2022-04-12,125.25,29.12,0.23249500998004,0.00411085439632064
2022-04-13,125.51,29.01,0.231136961198311,-0.00585832190255342
2022-04-14,125.92,28.99,0.230225540025413,-0.00395100319648667
2022-04-15,126.31,29.12,0.230543899928747,0.00138186227813031
2022-04-18,126.77,29.22,0.2304961741737,-0.000207035170683323
2022-04-19,128.55,29.22,0.22730455075846,-0.0139435127612633
2022-04-20,127.76,29.23,0.228788353162179,0.00650660260574276
2022-04-21,128.62,29.29,0.227725081635826,-0.00465823508347274
2022-04-22,128.78,29.32,0.227675104829943,-0.000219485224511429
2022-04-25,127.66,29.33,0.229750900830331,0.00907604825303499
2022-04-26,127.37,29.29,0.22995995917406,0.000909521076525532
2022-04-27,128.44,29.39,0.228822796636562,-0.00495731302846103
2022-04-28,130.94,29.52,0.225446769512754,-0.0148638144901865
2022-04-29,129.84,29.43,0.226663585951941,0.00538284231971908
2022-05-02,130.18,29.43,0.226071593178676,-0.00261518493790547
2022-05-03,130.09,29.48,0.226612345299408,0.00238909460652814
2022-05-04,129.97,29.53,0.227206278371932,0.00261749245466625
2022-05-05,130.41,29.69,0.227666589985431,0.00202391394452373
2022-05-06,130.35,29.68,0.227694668200997,0.0001233228128108
2022-05-09,130.37,29.78,0.228426785303367,0.00321018766150671
2022-05-10,130.21,29.71,0.228169879425543,-0.00112530784729636
2022-05-11,130.2,29.69,0.228033794162826,-0.000596598732679476
2022-05-12,128.1,29.84,0.232943013270882,0.0213000074316718
2022-05-13,129.23,29.79,0.230519229281127,-0.0104595622447805
2022-05-16,129.15,29.77,0.230507162214479,-5.23487022556779e-05
2022-05-17,129.31,29.67,0.229448611862965,-0.00460284349086515
2022-05-18,128.22,29.74,0.231945094369053,0.0108215904779274
2022-05-19,127.62,29.76,0.233192289609779,0.00536270905179248
2022-05-20,127.86,29.61,0.231581417175035,-0.00693188474977102
2022-05-23,127.78,29.6,0.231648145249648,0.000288099380898243
2022-05-24,126.56,29.59,0.233802149178255,0.00925563623695713
2022-05-25,127.31,29.5,0.231717854057026,-0.0089547561205543
2022-05-26,127.23,29.44,0.231391967303309,-0.00140738456615375
2022-05-27,127.14,29.3,0.230454616957684,-0.0040591471913074
2022-05-30,,,,
2022-05-31,128.53,28.99,0.225550455146658,
2022-06-01,130.09,29.19,0.224383119378892,-0.0051889365589679
2022-06-02,129.83,29.34,0.225987830239544,0.00712620409011788
2022-06-03,130.71,29.34,0.224466375946752,-0.00675522642529836
2022-06-06,131.55,29.37,0.223261117445838,-0.00538390619314844
2022-06-07,132.53,29.49,0.222515656832415,-0.00334454978962939
2022-06-08,134.06,29.5,0.220050723556616,-0.011139385518635
2022-06-09,134.06,29.57,0.220572877815903,0.00237007051861182
2022-06-10,134.19,29.56,0.220284670988896,-0.00130748296743954
2022-06-13,134.12,29.74,0.221741723829406,0.00659262946684658
2022-06-14,134.89,29.66,0.219882867521684,-0.00841831420578343
2022-06-15,134.5,29.72,0.220966542750929,0.0049163155794667
2022-06-16,131.65,29.77,0.226129889859476,0.0230982682777021
2022-06-17,135.14,29.73,0.219994080213112,-0.0275089301993887
2022-06-20,,,,
2022-06-21,136.25,29.71,0.21805504587156,
2022-06-22,136.05,29.81,0.219110621095186,0.00482918652956177
2022-06-23,134.72,29.75,0.2208283847981,0.00780913903689773
2022-06-24,135.22,29.72,0.219789971897648,-0.00471344331059576
2022-06-27,135.26,29.61,0.218911725565577,-0.0040038482203204
2022-06-28,136.19,29.67,0.217857405095822,-0.00482782524484171
2022-06-29,136.5,29.67,0.217362637362637,-0.00227364504414851
2022-06-30,135.69,29.74,0.219176063084973,0.00830824919643147
2022-07-01,135.09,29.78,0.220445628840033,0.00577573540012555
2022-07-04,,,,
2022-07-05,135.72,29.83,0.219790745652815,
2022-07-06,135.66,29.8,0.219666814094059,-0.000564020617202399
2022-07-07,135.99,29.78,0.218986690197809,-0.0031009643584301
2022-07-08,136.16,29.75,0.21849294947121,-0.00225720646842054
2022-07-11,137.29,29.83,0.217277296234249,-0.00557934554943107
2022-07-12,136.68,29.9,0.218759145449224,0.0067969315324059
2022-07-13,137.34,29.82,0.217125382262997,-0.00749634700548762
2022-07-14,138.94,29.89,0.215128832589607,-0.00923791511295047
2022-07-15,138.57,29.93,0.215991917442448,0.00400391772287234
2022-07-18,138.23,29.89,0.216233813209868,0.00111930306559671
2022-07-19,137.94,29.88,0.216615919965202,0.00176554044189081
2022-07-20,138.16,29.92,0.21656050955414,-0.000255832993617977
2022-07-21,137.94,29.91,0.216833405828621,0.00125934537085803
2022-07-22,136.12,29.9,0.219659124302086,0.0129475661252243
2022-07-25,136.72,29.91,0.218768285547104,-0.00406379692941461
2022-07-26,136.62,29.96,0.219294393207437,0.00240197551079424
2022-07-27,137.31,29.95,0.218119583424368,-0.00537162811751757
2022-07-28,134.45,29.95,0.222759390107847,0.0210487606187868
2022-07-29,133.25,29.91,0.224465290806754,0.00762886774931815
2022-08-01,131.8,29.98,0.227465857359636,0.0132790610101419
2022-08-02,132.32,29.97,0.226496372430472,-0.00427122055285389
2022-08-03,134.18,29.98,0.223431211805038,-0.0136253395134811
2022-08-04,133.28,30,0.225090036014406,0.00739689270391319
2022-08-05,135.33,29.94,0.221236976280204,-0.0172660643405549
2022-08-08,134.73,30.03,0.222890224894233,0.0074449673244148
2022-08-09,134.95,30.03,0.222526861800667,-0.00163156369625739
2022-08-10,132.58,30.03,0.226504751847941,0.017718102650768
2022-08-11,132.66,29.95,0.225765113824815,-0.00327078471794495
2022-08-12,133.57,29.98,0.224451598412817,-0.00583505277861063
2022-08-15,133.13,30,0.225343649064824,0.00396647953289198
2022-08-16,134.38,29.98,0.223098675398125,-0.0100124020358821
2022-08-17,135.4,29.98,0.221418020679468,-0.00756175298617068
2022-08-18,135.29,30,0.221745879222411,0.00147962685060943
2022-08-19,137.01,30.02,0.219108094299686,-0.0119668487065878
2022-08-22,137.57,30.16,0.21923384458821,0.000573754326552489
2022-08-23,136.36,30.11,0.220812555001467,0.00717523055708891
2022-08-24,136.92,30.27,0.221078001752848,0.00120141414770281
2022-08-25,136.83,30.24,0.221004165753124,-0.000334037452029534
2022-08-26,137.07,30.2,0.220325381192092,-0.00307609178207913
2022-08-29,138.74,30.4,0.219114891163327,-0.00550924968251354
2022-08-30,138.73,30.44,0.219419015353565,0.0013870044458304
2022-08-31,138.69,30.38,0.219049679140529,-0.00168466440146808
2022-09-01,139.93,30.52,0.218109054527264,-0.00430336165074885
2022-09-02,140.03,30.59,0.218453188602442,0.00157656394649242
2022-09-05,,,,
2022-09-06,142.95,30.82,0.215599860090941,
2022-09-07,144.39,30.9,0.214003739871182,-0.00743069920307682
2022-09-08,144.05,30.91,0.21457827143353,0.00268108269291534
2022-09-09,142.44,30.92,0.217073855658523,0.0115630706961569
2022-09-12,142.41,30.93,0.217189804086792,0.000534000155997472
2022-09-13,144.3,31.11,0.215592515592516,-0.00738152033592154
2022-09-14,142.93,31.11,0.217658993913104,0.0095394658588015
2022-09-15,143.57,31.14,0.216897680573936,-0.0035038657222719
2022-09-16,143.04,31.35,0.219169463087248,0.010419510387476
2022-09-19,143.34,31.42,0.219199107018278,0.000135246607976036
2022-09-20,143.64,31.37,0.218393205235311,-0.00368334941699722
2022-09-21,144.14,31.47,0.218329401970307,-0.000292191264684272
2022-09-22,142.16,31.6,0.22228474957794,0.0179542751664501
2022-09-23,143.18,31.82,0.222237742701495,-0.000211493804868734
2022-09-26,144.45,31.83,0.220353063343718,-0.00851662855984459
2022-09-27,144.71,31.7,0.219058807269712,-0.00589087324842374
2022-09-28,144.15,31.75,0.220256677072494,0.00545336012095587
2022-09-29,144.45,31.81,0.220214607130495,-0.000191022405480856
2022-09-30,144.71,31.78,0.219611637067238,-0.00274185749013989
2022-10-03,144.5,31.83,0.220276816608997,0.00302431238284595
2022-10-04,144.32,31.73,0.219858647450111,-0.00190018446072382
2022-10-05,144.73,31.52,0.217784840737926,-0.00947722194062561
2022-10-06,144.94,31.53,0.217538291706913,-0.00113271746433097
2022-10-07,145.19,31.65,0.217990219712101,0.00207530921875465
2022-10-10,,,,
2022-10-11,145.55,31.85,0.218825145997939,
2022-10-12,146.87,31.84,0.216790358820726,-0.00934219261612879
2022-10-13,147.15,31.88,0.216649677200136,-0.000649139967878742
2022-10-14,148.46,31.95,0.215209484036104,-0.0066697601083896
2022-10-17,148.71,31.95,0.214847690135162,-0.00168253901119142
2022-10-18,149.23,32.03,0.214635126985191,-0.000989856445261283
2022-10-19,149.77,32,0.21366094678507,-0.0045491048822679
2022-10-20,149.82,32.06,0.213990121479108,0.00153945486624796
2022-10-21,146.35,32.17,0.219815510761872,0.0268587544513701
2022-10-24,148.76,32.37,0.21759881688626,-0.0101355292317566
2022-10-25,147.85,32.34,0.218735204599256,0.00520880896919085
2022-10-26,146.5,32.1,0.219112627986348,0.00172399382837374
2022-10-27,146.02,31.99,0.219079578139981,-0.000150846345361444
2022-10-28,147.68,32.13,0.217565005417118,-0.00693735296026166
2022-10-31,148.63,32.26,0.217049047971473,-0.00237432583696595
2022-11-01,148.11,32.18,0.217270947268922,0.00102182408909668
2022-11-02,147.11,32.14,0.218475970362314,0.00553085342189008
2022-11-03,148.18,32.27,0.217775678229181,-0.00321049897188641
2022-11-04,147.22,32.26,0.219127835891862,0.00618975099114327
2022-11-07,146.64,32.01,0.21828968903437,-0.00383225561618072
2022-11-08,145.38,31.94,0.219700096299353,0.006440388280055
2022-11-09,146.15,31.78,0.21744782757441,-0.0103044691790621
2022-11-10,141.78,31.51,0.222245732825504,0.0218247257909967
2022-11-11,,,,
2022-11-14,140.43,30.98,0.220608132165492,
2022-11-15,139.36,31.05,0.222804247990815,0.00990560426666143
2022-11-16,139.59,31.03,0.222293860591733,-0.00229337133967311
2022-11-17,140.45,31.09,0.221359914560342,-0.0042102534152122
2022-11-18,140.03,31.12,0.222238091837463,0.00395934342209547
2022-11-21,141.95,31.19,0.21972525537161,-0.0113713662417734
2022-11-22,141.29,31.16,0.220539316299809,0.00369805752409924
2022-11-23,139.76,31.15,0.222882083571837,0.01056687418283
2022-11-24,,,,
2022-11-25,139.21,30.94,0.222254148408879,
2022-11-28,138.67,30.99,0.223480204802769,0.00550130128943982
2022-11-29,138.28,30.98,0.224038183396008,0.00249365790141476
2022-11-30,139.31,30.89,0.221735697365588,-0.0103303787229418
2022-12-01,135.55,30.6,0.225746956842494,0.0179285918013037
2022-12-02,134.89,30.58,0.226703239676774,0.00422713600566738
2022-12-05,136.55,30.48,0.22321493958257,-0.0155066861205966
2022-12-06,136.67,30.64,0.22418965391088,0.00435720099695014
2022-12-07,136.57,30.62,0.224207366185839,7.90026435231184e-05
2022-12-08,136.45,30.66,0.224697691462074,0.00218453975011612
2022-12-09,136.4,30.61,0.22441348973607,-0.00126561874136133
2022-12-12,137.47,30.67,0.223103222521277,-0.00585574090512786
2022-12-13,135.14,30.63,0.226653840461743,0.0157893760778238
2022-12-14,134.95,30.5,0.226009633197481,-0.00284629857130292
2022-12-15,137.92,30.62,0.222012761020882,-0.0178427608351976
2022-12-16,136.55,30.72,0.22497253753204,0.0132434770456025
