"date","spj","return_j","rer","rer_change","ipi","ipi_change","inr","inr_change","spf","return_f","unr","unr_change","cpi","bmj","bmj_growth","opi","opi_change","yng","mid","old","dro","dro_growth","dry","dep","dep_growth","fpi","trd","yield_10","yield_10_change"
2007-10-01,104.511756,,95.7811479,,118.9047421,,0.75,,95.14953103,,4,,97.8,84.19586791,,86.2,,13.5,65,21.5,33.07692308,,20.76923077,53.84615385,,-150.5709961,7.562250231,1.616,
2007-11-01,96.8111137,-3.323992863,91.66805519,-4.294261245,117.7091734,-1.005484461,0.75,0,91.09004548,-1.893573318,3.8,-5,97.6,84.29402689,0.116584086,94.62,9.767981439,13.5,64.9,21.5,33.12788906,0.154083205,20.80123267,53.92912173,0.154083205,-79.09170689,-10.03858245,1.497,-7.363861386
2007-12-01,97.12053177,0.138583547,92.93749012,1.384817129,118.3613018,0.55401662,0.75,0,91.88257425,0.376223526,3.7,-2.631578947,97.8,84.40036579,0.126152353,91.73,-3.054322553,13.5,64.9,21.6,33.28197227,0.465116279,20.80123267,54.08320493,0.285714286,82.16159496,-11.15082202,1.526,1.937207749
2008-01-01,87.50343126,-4.528596835,89.16018137,-4.064354159,119.1653018,0.679276065,0.75,0,85.92137556,-2.913193292,3.9,5.405405405,97.6,84.4576252,0.067842605,92.95,1.329990189,13.5,64.9,21.6,33.28197227,0,20.80123267,54.08320493,0,-259.39763,3.682846161,1.429,-6.356487549
2008-02-01,85.50639545,-1.002648433,88.52232411,-0.715405965,119.4732224,0.258397933,0.75,0,84.64894638,-0.647966445,4,2.564102564,97.4,84.52306452,0.07748184,95.35,2.582033351,13.5,64.8,21.7,33.48765432,0.6179984,20.83333333,54.32098765,0.439660933,-72.34124935,-23.45891887,1.429,0
2008-03-01,79.11562298,-3.373634678,83.22706858,-5.98183067,118.2415397,-1.030927835,0.75,0,82.16946086,-1.291111941,3.8,-5,97.9,84.5148846,-0.009677732,105.56,10.7079182,13.5,64.7,21.8,33.69397218,0.616101254,20.86553323,54.55950541,0.439089504,893.5790947,5.958549223,1.245,-12.87613716
2008-04-01,83.61765595,2.403573665,84.79816319,1.887720713,117.7283386,-0.434027778,0.75,0,85.92221848,1.939504441,3.9,2.631578947,97.8,84.33492647,-0.212930701,112.57,6.64077302,13.5,64.7,21.8,33.69397218,0,20.86553323,54.55950541,0,-194.394244,-24.35420432,1.6,28.51405622
2008-05-01,88.58059293,2.504059415,86.23577675,1.695335723,118.34418,0.523103749,0.75,0,88.26168622,1.166673845,4,2.564102564,98.6,84.49034486,0.1842871,125.39,11.3884694,13.5,64.6,21.9,33.90092879,0.614224444,20.89783282,54.79876161,0.438523404,-106.3406771,-3.639685216,1.778,11.125
2008-06-01,89.00539816,0.207776434,88.37317307,2.478549399,115.162333,-2.688638335,0.75,0,84.26326528,-2.013393584,4,0,99,84.70302265,0.251718463,133.93,6.810750459,13.5,64.6,21.9,33.90092879,0,20.89783282,54.79876161,0,267.8593848,-56.672014,1.601,-9.955005624
2008-07-01,83.06714963,-2.998703901,88.29871732,-0.084251528,115.162333,0,0.75,0,78.95064396,-2.828260773,3.9,-2.5,99.2,84.62940342,-0.086914534,133.44,-0.365862764,13.5,64.6,21.9,33.90092879,0,20.89783282,54.79876161,0,-230.8148464,54.08953214,1.537,-3.997501562
2008-08-01,80.39068329,-1.42235883,90.35483553,2.328593519,110.9540837,-3.654188948,0.75,0,78.31817567,-0.349311419,4.1,5.128205128,99.5,84.71938249,0.106321284,116.61,-12.61241007,13.5,64.5,22,34.10852713,0.612367704,20.93023256,55.03875969,0.437962598,-4.852754134,-66.18610747,1.431,-6.896551724
2008-09-01,75.19181503,-2.903515178,88.13431317,-2.457557861,112.3910469,1.295097132,0.75,0,74.0719373,-2.420885905,4,-2.43902439,99.5,84.74392223,0.028965917,103.9,-10.8995798,13.5,64.5,22,34.10852713,0,20.93023256,55.03875969,0,-382.0017138,25.32299742,1.481,3.494060098
2008-10-01,58.68178231,-10.76672723,82.70270437,-6.162876417,109.9276815,-2.191780822,0.5,-33.33333333,57.41562758,-11.06235873,3.8,-5,99.4,84.64576325,-0.115830116,76.65,-26.22714148,13.5,64.5,22.1,34.26356589,0.454545455,20.93023256,55.19379845,0.281690141,-71.08442521,16.54639175,1.486,0.337609723
2008-11-01,55.15506089,-2.691792759,80.04909867,-3.208608135,102.8455059,-6.442577031,0.5,0,51.77960732,-4.487136363,4,5.263157895,98.6,84.8339013,0.222265172,57.44,-25.06196999,13.4,64.4,22.2,34.47204969,0.608470813,20.80745342,55.27950311,0.155279503,122.1605717,-106.7226891,1.377,-7.33512786
2008-12-01,53.48484792,-1.335460318,75.46116932,-5.731394133,94.53164765,-8.083832335,0.3,-40,51.73661858,-0.036071201,4.4,10,98.2,85.0465791,0.250699065,41.02,-28.58635097,13.4,64.4,22.2,34.47204969,0,20.80745342,55.27950311,0,84.62120639,-184.2105263,1.214,-11.83732752
2009-01-01,53.17285136,-0.254081554,74.60168152,-1.138980229,86.93627096,-8.034744843,0.3,0,51.37847276,-0.301685001,4.3,-2.272727273,97.6,85.26246342,0.253842455,41.74,1.755241346,13.4,64.3,22.2,34.52566096,0.155520995,20.83981337,55.36547434,0.155520995,-84.67451013,-2453.90625,1.272,4.777594728
2009-02-01,49.18135821,-3.388943152,76.71300504,2.830128587,79.64881496,-8.382526564,0.3,0,47.38304886,-3.515818865,4.6,6.976744186,97.3,85.52751721,0.310868094,39.16,-6.181121227,13.4,64.2,22.3,34.73520249,0.606915327,20.87227414,55.60747664,0.437099653,158.1449779,-128.2110853,1.277,0.393081761
2009-03-01,48.79136251,-0.345757212,80.82866688,5.365011882,80.36729653,0.902061856,0.3,0,44.39097649,-2.832830344,4.8,4.347826087,97.6,85.62880093,0.118422368,47.98,22.52298264,13.4,64.2,22.4,34.89096573,0.448430493,20.87227414,55.76323988,0.280112045,84.41053804,26.47058824,1.323,3.602192639
2009-04-01,53.61248287,4.092297445,81.73473531,1.120974113,83.8570642,4.342273308,0.3,0,50.01416568,5.179832996,5,4.166666667,97.7,85.75803541,0.150924082,49.79,3.772405169,13.4,64.1,22.5,35.10140406,0.603131268,20.90483619,56.00624025,0.435771621,-148.5362702,158.9767442,1.402,5.9712774
2009-05-01,56.55453306,2.320150048,79.77573708,-2.396775644,86.93627096,3.671970624,0.3,0,54.52264472,3.748388545,5.1,2,97.5,85.96958438,0.246681221,59.16,18.81903997,13.4,64,22.5,35.15625,0.15625,20.9375,56.09375,0.15625,-182.3309794,72.91666667,1.481,5.634807418
2009-06-01,59.4063363,2.136534849,79.85516922,0.099569299,88.37323412,1.652892562,0.3,0,56.05993698,1.207569131,5.2,1.960784314,97.3,86.07870445,0.126928693,69.68,17.78228533,13.4,64,22.6,35.3125,0.444444444,20.9375,56.25,0.278551532,55.38721131,40.52762775,1.363,-7.967589467
2009-07-01,58.18091181,-0.905224628,77.9435422,-2.393867595,89.39963637,1.161440186,0.3,0,56.34072181,0.216980145,5.5,5.769230769,97,86.24217187,0.189904609,64.09,-8.02238806,13.4,64,22.6,35.3125,0,20.9375,56.25,0,-141.5786259,-31.7812269,1.386,1.687454145
2009-08-01,61.95645693,2.730605083,78.41684909,0.607243234,90.7339593,1.492537313,0.3,0,61.60014573,3.875933296,5.4,-1.818181818,97.3,86.4248212,0.211786559,71.06,10.87533156,13.4,64,22.7,35.46875,0.442477876,20.9375,56.40625,0.277777778,-188.9058164,44.37703142,1.314,-5.194805195
2009-09-01,60.42354822,-1.088034949,75.48616885,-3.737309358,93.50524539,3.054298643,0.3,0,63.97417304,1.642294111,5.4,0,97.3,86.52353642,0.11422091,69.46,-2.251618351,13.4,63.9,22.7,35.52425665,0.156494523,20.97026604,56.49452269,0.156494523,245.495716,-43.61398769,1.258,-4.261796043
2009-10-01,57.70776,-1.997200757,74.62743235,-1.137607739,96.07125103,2.744237102,0.3,0,65.43232482,0.978767038,5.2,-3.703703704,96.9,86.67196916,0.171551867,75.82,9.156348978,13.3,63.9,22.7,35.52425665,0,20.81377152,56.33802817,-0.27700831,-217.9048429,141.4426404,1.404,11.60572337
2009-11-01,55.15119317,-1.967930435,73.67116989,-1.281381969,98.02141531,2.02991453,0.3,0,66.37180201,0.619125791,5.2,0,96.7,86.84755922,0.202591522,78.08,2.980743867,13.3,63.9,22.8,35.68075117,0.440528634,20.81377152,56.49452269,0.277777778,-144.4022115,-1.940249146,1.253,-10.75498575
2009-12-01,57.627827,1.907733112,74.31048152,0.867790803,98.84253712,0.837696335,0.3,0,67.1647054,0.515750519,5.2,0,96.5,86.94963638,0.117536018,74.3,-4.841188525,13.3,63.9,22.8,35.68075117,0,20.81377152,56.49452269,0,-34.92471663,-16.73974143,1.272,1.516360734
2010-01-01,60.27270691,1.948845278,75.30750243,1.341696197,101.1006221,2.284527518,0.3,0,67.98261532,0.525675385,5,-3.846153846,96.6,87.12095653,0.197033769,78.22,5.275908479,13.3,63.8,22.8,35.73667712,0.156739812,20.84639498,56.5830721,0.156739812,-375.6616233,13.54307318,1.308,2.830188679
2010-02-01,57.75546195,-1.852763463,74.47089889,-1.110916597,101.4085428,0.304568528,0.3,0,65.13093536,-1.861055281,5,0,96.6,87.24688633,0.144545929,76.42,-2.301201739,13.3,63.8,22.9,35.89341693,0.438596491,20.84639498,56.73981191,0.27700831,-123.0808405,-19.08669283,1.295,-0.993883792
2010-03-01,60.43321753,1.968265532,74.96192441,0.659352218,101.7164634,0.303643725,0.3,0,68.83686429,2.403376359,5.1,2,96.8,87.30862833,0.070766996,81.24,6.307249411,13.3,63.8,22.9,35.89341693,0,20.84639498,56.73981191,0,695.5299502,43.01881246,1.361,5.096525097
2010-04-01,63.63311611,2.240747396,77.2832797,3.096712513,102.9481461,1.210898083,0.3,0,71.22053831,1.478417311,5.1,0,96.9,87.5833835,0.314694182,84.48,3.988183161,13.3,63.7,23,36.10675039,0.594352622,20.87912088,56.98587127,0.433662628,-168.472198,3.309012434,1.286,-5.510653931
2010-05-01,59.2251978,-3.117667127,76.00682011,-1.651663329,102.5375852,-0.398803589,0.3,0,65.55707645,-3.598567419,5.1,0,96.8,87.95269849,0.421672445,73.84,-12.59469697,13.3,63.7,23,36.10675039,0,20.87912088,56.98587127,0,-72.34048937,-33.73122451,1.257,-2.255054432
2010-06-01,56.32633723,-2.179500892,75.0643136,-1.240028863,101.9217439,-0.600600601,0.3,0,63.38497445,-1.463325812,5.2,1.960784314,96.6,87.9228418,-0.033946304,75.35,2.04496208,13.3,63.7,23,36.10675039,0,20.87912088,56.98587127,0,-520.7680208,-2.521765236,1.08,-14.08114558
2010-07-01,54.5716789,-1.37441959,72.30918189,-3.670361566,103.1534266,1.208459215,0.3,0,63.66210664,0.189468615,5,-3.846153846,96.1,88.0251889,0.116405587,76.37,1.353682814,13.3,63.7,23,36.10675039,0,20.87912088,56.98587127,0,-104.9434755,21.82014167,1.075,-0.462962963
2010-08-01,53.79426599,-0.623132903,70.56026696,-2.418662304,103.6666277,0.497512438,0.3,0,64.83235563,0.791079583,5.1,2,96.2,88.23564994,0.239091836,76.82,0.589236611,13.3,63.7,23,36.10675039,0,20.87912088,56.98587127,0,-1302.477184,-6.535204146,1.023,-4.837209302
2010-09-01,54.0005447,0.166215455,69.72782598,-1.179758831,105.0009506,1.287128713,0.3,0,66.91848015,1.375426709,5.1,0,96.4,88.37575553,0.158785694,75.31,-1.965633949,13.3,63.7,23.1,36.26373626,0.434782609,20.87912088,57.14285714,0.275482094,-9.877480213,-3.556938058,0.898,-12.21896383
2010-10-01,53.35270061,-0.52417331,67.60438238,-3.04533172,102.0243841,-2.834799609,0.3,0,70.0758578,2.002235395,5.1,0,96.7,88.51947664,0.162625044,81.9,8.750497942,13.2,63.7,23.1,36.26373626,0,20.72213501,56.98587127,-0.274725275,-190.5101059,9.002944889,0.903,0.556792873
2010-11-01,54.72380945,1.101991454,68.22372233,0.916123972,103.7692679,1.710261569,0.3,0,71.24582581,0.719100208,5,-1.960784314,96.4,88.56053164,0.046379618,84.14,2.735042735,13.2,63.6,23.1,36.32075472,0.157232704,20.75471698,57.0754717,0.157232704,-67.62016163,1.132124019,1.161,28.57142857
2010-12-01,57.70776,2.305789494,68.8168741,0.869421579,104.0771886,0.296735905,0.3,0,73.43909437,1.316788791,4.9,-2,96.2,88.52112899,-0.044492339,89.04,5.823627288,13.2,63.6,23.1,36.32075472,0,20.75471698,57.0754717,0,-460.591133,2.289785015,1.133,-2.41171404
2011-01-01,59.51398801,1.338483617,68.24466931,-0.831489075,104.7956702,0.690335306,0.3,0,75.83662968,1.395171129,4.8,-2.040816327,96.1,88.69495219,0.196363514,89.42,0.426774483,13.2,63.6,23.1,36.32075472,0,20.75471698,57.0754717,0,-280.3688525,-39.73386395,1.213,7.060900265
2011-02-01,61.14294524,1.172730163,68.20986084,-0.051005403,105.2062311,0.391772772,0.3,0,78.38195634,1.433707495,4.7,-2.083333333,96.1,88.85545848,0.180964411,89.58,0.178930888,13.2,63.6,23.1,36.32075472,0,20.75471698,57.0754717,0,-90.84677725,19.91333058,1.241,2.308326463
2011-03-01,56.80851372,-3.193292773,67.48632087,-1.060755675,88.57851457,-15.80487805,0.3,0,77.49942284,-0.491763069,4.7,0,96.3,89.05723245,0.22708112,102.94,14.91404331,13.2,63.6,23.2,36.47798742,0.432900433,20.75471698,57.2327044,0.275482094,-1197.724452,-82.32662192,1.214,-2.175664786
2011-04-01,54.42341607,-1.862762874,68.73029566,1.843299161,90.22075818,1.853997683,0.3,0,79.343724,1.021411203,4.7,0,96.5,89.42269471,0.410367855,110.04,6.897221683,13.2,63.6,23.2,36.47798742,0,20.75471698,57.2327044,0,-219.0474396,-554.0408958,1.215,0.082372323
2011-05-01,54.20682342,-0.173184039,67.01074764,-2.501877814,96.17389125,6.598407281,0.3,0,78.79451711,-0.301658191,4.6,-2.127659574,96.4,89.83541233,0.461535661,101.33,-7.915303526,13.2,63.6,23.2,36.47798742,0,20.75471698,57.2327044,0,-61.85611617,-17.79969976,1.118,-7.983539095
2011-06-01,52.99171286,-0.984600038,66.44163749,-0.849281894,100.0742198,4.055496265,0.3,0,75.9440547,-1.600221763,4.7,2.173913043,96.3,89.89847948,0.070202991,96.29,-4.973847824,13.2,63.6,23.2,36.47798742,0,20.75471698,57.2327044,0,-229.6923417,-90.06000522,1.084,-3.041144902
2011-07-01,55.5147594,2.020050444,65.55562163,-1.333525025,100.9979819,0.923076923,0.3,0,77.67409385,0.97824148,4.7,0,96.3,90.11744763,0.243572698,97.19,0.934676498,13.1,63.8,23.1,36.20689655,-0.743162901,20.53291536,56.73981191,-0.861207758,-179.8745627,134.3832021,1.075,-0.830258303
2011-08-01,50.19857012,-4.371711526,63.59383285,-2.992556129,102.5375852,1.524390244,0.3,0,68.76671492,-5.28979175,4.5,-4.255319149,96.4,90.18785216,0.078125305,86.33,-11.17398909,13.1,63.7,23.2,36.42072214,0.590565897,20.56514914,56.98587127,0.433662628,-14.78286416,49.49608063,1.023,-4.837209302
2011-09-01,48.60700091,-1.399252114,63.48451863,-0.171894382,101.9217439,-0.600600601,0.3,0,66.55733728,-1.418233888,4.2,-6.666666667,96.4,90.37993293,0.21297854,85.61,-0.834009035,13.1,63.7,23.2,36.42072214,0,20.56514914,56.98587127,0,-300.4889209,-235.6554307,0.975,-4.692082111
2011-10-01,48.34141706,-0.237944858,63.34983907,-0.212145521,103.5639875,1.611278953,0.3,0,67.94889866,0.898648283,4.4,4.761904762,96.5,90.57850038,0.219703021,86.41,0.934470272,13.1,63.6,23.3,36.63522013,0.588944914,20.59748428,57.2327044,0.433147946,-108.9010474,-219.823302,1.038,6.461538462
2011-11-01,47.05346433,-1.172777296,64.04987227,1.105027602,101.511183,-1.982160555,0.3,0,68.64421106,0.442149605,4.5,2.272727273,95.9,90.75159556,0.191099639,97.21,12.49855341,13.1,63.6,23.3,36.63522013,0,20.59748428,57.2327044,0,324.0252898,26.9124424,1.062,2.312138728
2011-12-01,47.19270246,0.128324364,64.307944,0.402923099,103.5639875,2.022244692,0.3,0,69.36818262,0.455639858,4.5,0,96,90.82038047,0.075794709,98.57,1.399033021,13.1,63.6,23.4,36.79245283,0.429184549,20.59748428,57.38993711,0.274725275,-62.18936382,-19.35366739,0.971,-8.56873823
2012-01-01,47.84957125,0.6003203,63.56565908,-1.154266287,103.8719082,0.297324083,0.3,0,72.31305167,1.805637296,4.5,0,96.2,90.98667815,0.183106123,100.24,1.694227453,13.1,63.5,23.4,36.8503937,0.157480315,20.62992126,57.48031496,0.157480315,77.21546719,84.69158037,0.959,-1.235839341
2012-02-01,51.52584474,3.214706985,64.91494116,2.122658832,103.6666277,-0.197628458,0.3,0,75.6141934,1.938663426,4.5,0,96.4,91.11026849,0.135833445,102.25,2.00518755,13,63.4,23.6,37.22397476,1.01377767,20.50473186,57.72870662,0.432133443,-168.4138954,-80.22915651,0.962,0.31282586
2012-03-01,54.86884917,2.730073084,68.13394192,4.958797931,103.4613473,-0.198019802,0.3,0,76.48754849,0.498741773,4.5,0,96.8,91.34809135,0.261027501,106.19,3.853300733,13,63.3,23.6,37.28278041,0.157977883,20.5371248,57.81990521,0.157977883,554.4633177,302.8360049,0.966,0.415800416
2012-04-01,52.65264222,-1.790568146,67.16755479,-1.418363746,102.9481461,-0.496031746,0.3,0,75.34689523,-0.652538015,4.5,0,96.9,91.47987796,0.144268603,103.33,-2.69328562,13,63.3,23.7,37.44075829,0.423728814,20.5371248,57.9778831,0.273224044,-221.1800762,-44.16896235,0.914,-5.383022774
2012-05-01,48.31176449,-3.736727034,65.83741221,-1.980334975,101.1006221,-1.794616152,0.3,0,72.17181634,-1.869772608,4.4,-2.222222222,96.6,91.53322737,0.058318188,94.7,-8.351882319,13,63.2,23.8,37.65822785,0.580836404,20.56962025,58.2278481,0.431138551,-108.2651689,94.84649123,0.846,-7.439824945
2012-06-01,47.26296615,-0.953192577,65.5379124,-0.454908235,100.3821405,-0.710659898,0.3,0,70.76199177,-0.856758656,4.3,-2.272727273,96.1,91.64913677,0.126630954,82.41,-12.97782471,13,63.2,23.8,37.65822785,0,20.56962025,58.2278481,0,265.9407305,-15.95385481,0.789,-6.737588652
2012-07-01,48.08937025,0.75281161,65.27336518,-0.403655251,99.86893937,-0.511247444,0.3,0,72.79950811,1.232839618,4.3,0,95.8,91.88718048,0.259733722,87.93,6.698216236,13,63.1,23.9,37.87638669,0.579312549,20.6022187,58.47860539,0.430648384,-159.6519643,-32.67492467,0.78,-1.140684411
2012-08-01,48.26470716,0.158058565,65.02715093,-0.377204771,98.63725666,-1.233299075,0.3,0,75.03520347,1.313661963,4.2,-2.325581395,96,92.08316307,0.213286107,94.16,7.085181394,13,63,24,38.0952381,0.577804343,20.63492063,58.73015873,0.430163032,-122.8704931,41.27299851,0.8,2.564102564
2012-09-01,47.91854569,-0.31260466,64.58389668,-0.681644877,96.48181193,-2.185223725,0.3,0,77.42224915,1.360071911,4.2,0,96.1,92.26582058,0.198361461,94.72,0.59473237,13,62.9,24.1,38.31478537,0.576311606,20.66772655,58.98251192,0.429682465,891.7448923,183.2453361,0.757,-5.375
2012-10-01,47.46215403,-0.415618448,65.26825307,1.059639347,96.78973261,0.319148936,0.3,0,77.60918929,0.104736315,4.1,-2.380952381,96.1,92.35890802,0.100890487,89.57,-5.437077703,13,62.9,24.1,38.31478537,0,20.66772655,58.98251192,0,-136.6610061,-75.95377159,0.76,0.396301189
2012-11-01,48.62182719,1.048383098,66.96153745,2.594346115,96.07125103,-0.742311771,0.3,0,76.13492844,-0.832920289,4.1,0,95.8,92.39575035,0.039890401,86.66,-3.248855644,13,62.8,24.2,38.53503185,0.574834157,20.70063694,59.23566879,0.429206654,145.9488192,99.74160207,0.713,-6.184210526
2012-12-01,52.54627976,3.371069826,69.25291461,3.421930327,97.40557396,1.388888889,0.3,0,78.39356986,1.269649775,4.3,4.87804878,95.8,92.77448043,0.409899888,88.25,1.83475652,13,62.7,24.3,38.75598086,0.573371822,20.73365231,59.48963317,0.428735573,-201.6857575,21.44890039,0.781,9.5371669
2013-01-01,57.73805719,4.092019264,73.57927012,6.24718185,95.39205066,-2.067154081,0.3,0,81.92726287,1.914800398,4.2,-2.325581395,95.9,93.01731758,0.261749938,94.69,7.297450425,13,62.7,24.3,38.75598086,0,20.73365231,59.48963317,0,-323.8834067,9.160630592,0.775,-0.768245839
2013-02-01,61.93776292,3.049334903,76.91713339,4.53641802,96.99191734,1.677148847,0.3,0,83.34364345,0.744403652,4.3,2.380952381,95.7,93.31413398,0.319098006,95.32,0.665328968,13,62.6,24.5,39.13738019,0.984104445,20.76677316,59.90415335,0.696793977,-41.02338071,69.92583919,0.669,-13.67741935
2013-03-01,66.35535054,2.992043245,78.34365095,1.854616126,97.89184235,0.927835052,0.3,0,84.6809772,0.69133789,4.1,-4.651162791,95.9,93.63776415,0.346817951,93.05,-2.381451951,13,62.5,24.6,39.36,0.568816327,20.8,60.16,0.427093333,-157.3941638,-23.17675434,0.492,-26.4573991
2013-04-01,71.72826647,3.381438711,80.76781153,3.094265524,98.09182568,0.204290092,0.3,0,85.15525818,0.242560897,4.1,0,96.2,93.84807795,0.224603613,92.07,-1.053197206,12.9,62.4,24.7,39.58333333,0.567411924,20.67307692,60.25641026,0.16025641,-572.9195881,-24.51786515,0.589,19.71544715
2013-05-01,77.29199021,3.244415526,83.48680391,3.366430662,99.59170069,1.529051988,0.3,0,88.41659553,1.632231839,4.1,0,96.3,94.11866955,0.288329397,94.8,2.965135223,12.9,62.3,24.7,39.64686998,0.160513644,20.70626003,60.35313002,0.160513644,-61.63289166,0.336700337,0.879,49.23599321
2013-06-01,70.2301673,-4.161078723,80.58648515,-3.473984652,98.59178402,-1.004016064,0.3,0,86.20319063,-1.101044782,3.9,-4.87804878,96.3,94.46384561,0.366745584,95.8,1.054852321,12.9,62.3,24.8,39.80738363,0.4048583,20.70626003,60.51364366,0.265957447,-103.6898006,19.54204501,0.822,-6.484641638
2013-07-01,76.55325456,3.743995591,82.34123082,2.177468923,100.091659,1.521298174,0.3,0,88.49966962,1.141830884,3.8,-2.564102564,96.5,94.67270339,0.221098109,104.67,9.258872651,12.9,62.2,24.8,39.87138264,0.160771704,20.73954984,60.61093248,0.160771704,-188.9886296,14.2007926,0.79,-3.892944039
2013-08-01,73.8361771,-1.569445607,80.84519549,-1.816872689,100.391634,0.2997003,0.3,0,88.94304367,0.217033766,4.1,7.894736842,96.8,94.89904165,0.239074461,106.57,1.815228814,12.9,62.2,24.9,40.03215434,0.403225806,20.73954984,60.77170418,0.265251989,-296.7047747,-1.792943898,0.708,-10.37974684
2013-09-01,76.50297412,1.540911626,82.07360762,1.519462134,101.1915674,0.796812749,0.3,0,90.11507214,0.568544761,3.9,-4.87804878,97.1,95.15126115,0.265776665,106.29,-0.262738106,12.9,62.1,25,40.25764895,0.563283731,20.77294686,61.03059581,0.426006867,1584.854701,30.71260306,0.669,-5.508474576
2013-10-01,76.63834453,0.076779587,80.78394816,-1.571344913,101.4915424,0.296442688,0.3,0,92.1681356,0.978336787,4,2.564102564,97.2,95.41216773,0.274201912,100.54,-5.409728102,12.9,62.1,25.1,40.41867955,0.4,20.77294686,61.19162641,0.263852243,-248.5349621,-1.261545393,0.59,-11.80866966
2013-11-01,78.70822252,1.157398982,82.59583304,2.242877349,101.891509,0.39408867,0.3,0,94.6492133,1.153620599,3.9,-2.5,97.3,95.56933662,0.164726256,93.86,-6.644121743,12.9,62,25.1,40.48387097,0.161290323,20.80645161,61.29032258,0.161290323,-97.50140025,11.05407255,0.605,2.542372881
2013-12-01,81.02563497,1.260233836,85.57538359,3.607386039,101.891509,0,0.3,0,95.09108883,0.202281168,3.7,-5.128205128,97.4,95.8884842,0.333943486,97.63,4.016620499,12.9,61.9,25.2,40.71082391,0.560600892,20.84006462,61.55088853,0.425133917,-787.5888464,-5.875706215,0.688,13.71900826
2014-01-01,82.49343695,0.779695503,86.08819519,0.599251308,103.5913674,1.668302257,0.3,0,95.98233247,0.405147928,3.7,0,97.2,96.19759501,0.322364902,94.62,-3.083068729,12.9,61.9,25.2,40.71082391,0,20.84006462,61.55088853,0,-599.8409669,63.95285387,0.614,-10.75581395
2014-02-01,77.41898054,-2.757194993,84.31575313,-2.058867723,102.8914257,-0.675675676,0.3,0,95.36447472,-0.280467855,3.6,-2.702702703,97.2,96.26143925,0.066367812,100.82,6.552525893,12.9,61.8,25.4,41.10032362,0.956747316,20.87378641,61.97411003,0.687596089,-114.3350302,-37.12973441,0.586,-4.560260586
2014-03-01,76.60933658,-0.456574673,84.54188027,0.268190865,104.2913091,1.360544218,0.3,0,97.53704501,0.978297303,3.7,2.777777778,97.5,96.31728354,0.058013138,100.8,-0.019837334,12.8,61.7,25.5,41.32901135,0.55641343,20.74554295,62.07455429,0.162074554,95.84951726,70.75701429,0.605,3.242320819
2014-04-01,75.46642357,-0.652793264,84.72678964,0.218719254,99.79168403,-4.314477469,0.3,0,98.45526198,0.40693381,3.6,-2.702702703,99.5,96.4870495,0.176257007,102.07,1.259920635,12.8,61.6,25.6,41.55844156,0.555131143,20.77922078,62.33766234,0.423858126,-238.7069356,-47.24702381,0.61,0.826446281
2014-05-01,75.76423847,0.171049351,84.1569282,-0.672587088,101.891509,2.104208417,0.3,0,99.7269419,0.557356962,3.6,0,99.9,96.61357643,0.131133587,102.18,0.107769178,12.8,61.5,25.6,41.62601626,0.162601626,20.81300813,62.43902439,0.162601626,-93.34123126,-33.28631876,0.566,-7.213114754
2014-06-01,80.33395665,2.543489521,84.32858248,0.203969281,100.5916174,-1.27576055,0.3,0,102.133843,1.035717152,3.7,2.777777778,99.8,96.82371845,0.217507757,105.79,3.532981014,12.8,61.5,25.7,41.78861789,0.390625,20.81300813,62.60162602,0.260416667,-3284.233129,52.81888654,0.536,-5.300353357
2014-07-01,82.20077902,0.997677584,84.05697256,-0.322085239,100.391634,-0.198807157,0.3,0,102.8773889,0.315025979,3.7,0,99.9,97.00865815,0.191006612,103.59,-2.079591644,12.8,61.5,25.7,41.78861789,0,20.81300813,62.60162602,0,-143.0591681,-2.25962647,0.527,-1.679104478
2014-08-01,81.9635585,-0.125512809,85.077486,1.214073506,99.49170902,-0.896414343,0.3,0,101.528348,-0.573261343,3.5,-5.405405405,100,97.25221513,0.251067257,96.54,-6.805676224,12.8,61.4,25.8,42.01954397,0.552605229,20.84690554,62.86644951,0.423029739,-168.8800394,14.79122435,0.488,-7.400379507
2014-09-01,84.71028853,1.431535565,88.62115591,4.165226409,100.5916174,1.105527638,0.3,0,102.3879354,0.366146627,3.5,0,100.3,97.55099472,0.307221368,93.21,-3.449347421,12.8,61.3,25.9,42.25122349,0.551361331,20.88091354,63.13213703,0.422622117,153.2545147,-24.7431155,0.497,1.844262295
2014-10-01,80.80452997,-2.050045262,89.2739054,0.736561702,100.5916174,0,0.3,0,98.07210963,-1.870326839,3.6,2.857142857,100,97.88135695,0.33865594,84.4,-9.451775561,12.8,61.3,26,42.41435563,0.386100386,20.88091354,63.29526917,0.258397933,-193.7105628,5.993992354,0.465,-6.438631791
2014-11-01,89.18202431,4.284161768,95.90892125,7.432200729,100.5916174,0,0.3,0,102.2601868,1.816106406,3.4,-5.555555556,99.6,98.29639768,0.424024282,75.79,-10.2014218,12.8,61.2,26,42.48366013,0.163398693,20.91503268,63.39869281,0.163398693,-17.75606285,-22.86487183,0.42,-9.677419355
2014-12-01,90.98631846,0.869876666,98.61077433,2.817102978,100.1916507,-0.397614314,0.3,0,101.3765294,-0.376916253,3.4,0,99.7,98.62694805,0.336279237,59.29,-21.77068215,12.8,61.1,26.1,42.71685761,0.548910991,20.9492635,63.66612111,0.4218199,-88.77758179,-57.54843019,0.33,-21.42857143
2015-01-01,89.62939128,-0.652564579,97.88055922,-0.74050236,102.6914424,2.49500998,0.3,0,100.0790937,-0.559405541,3.6,5.882352941,99.6,98.83150319,0.207402891,47.22,-20.35756451,12.8,61.1,26.2,42.88052373,0.383141762,20.9492635,63.82978723,0.257069409,-656.7615658,-84.53973249,0.275,-16.66666667
2015-02-01,94.07663147,2.103131165,98.00846813,0.130678569,99.79168403,-2.82375852,0.3,0,102.7755833,1.15465868,3.5,-2.777777778,99.4,99.02751032,0.198324546,50.58,7.115628971,12.7,61,26.2,42.95081967,0.163934426,20.81967213,63.7704918,-0.092896175,-46.16490892,1055.216285,0.33,20
2015-03-01,100.1631428,2.722618442,99.47707283,1.498446744,99.29172569,-0.501002004,0.3,0,102.2537244,-0.221081509,3.4,-2.857142857,99.7,99.23655624,0.211098829,47.82,-5.456702254,12.7,60.9,26.3,43.18555008,0.546509733,20.85385878,64.03940887,0.421695138,239.7447314,-186.3876652,0.4,21.21212121
2015-04-01,102.6604045,1.069502828,98.7922624,-0.688410312,99.69169236,0.402819738,0.3,0,103.8488033,0.672236085,3.4,0,100.2,99.42615849,0.191060899,54.45,13.86449184,12.7,60.9,26.4,43.34975369,0.380228137,20.85385878,64.20361248,0.256410256,-236.918283,-156.3488016,0.34,-15
2015-05-01,104.4679218,0.757998395,99.72222935,0.94133581,99.69169236,0,0.3,0,104.4068139,0.232734696,3.3,-2.941176471,100.4,99.81400918,0.390089176,59.27,8.852157943,12.7,60.8,26.4,43.42105263,0.164473684,20.88815789,64.30921053,0.164473684,-121.9270446,-67.33031674,0.39,14.70588235
2015-06-01,106.5377998,0.852076824,102.2272084,2.51195653,100.4916257,0.802407222,0.3,0,103.1632312,-0.520390668,3.4,3.03030303,100.2,99.87958756,0.065700578,59.82,0.927956808,12.7,60.8,26.5,43.58552632,0.378787879,20.88815789,64.47368421,0.255754476,291.7256766,56.37119114,0.455,16.66666667
2015-07-01,105.6159918,-0.377404193,101.9330252,-0.28777383,100.391634,-0.099502488,0.3,0,101.6938406,-0.623028724,3.3,-2.941176471,100.1,100.1246087,0.245316574,50.9,-14.91140087,12.7,60.8,26.5,43.58552632,0,20.88815789,64.47368421,0,-135.7997177,47.56421612,0.41,-9.89010989
2015-08-01,104.0153978,-0.663204698,101.7922412,-0.13811429,98.79176735,-1.593625498,0.3,0,98.64014165,-1.3240962,3.4,3.03030303,100.2,100.4865373,0.361478098,42.87,-15.77603143,12.7,60.7,26.6,43.82207578,0.542724814,20.92257002,64.7446458,0.420266954,-444.359134,44.89795918,0.38,-7.317073171
2015-09-01,93.87422048,-4.455129084,99.20021859,-2.54638522,100.4916257,1.720647773,0.3,0,93.22412258,-2.452538273,3.4,0,100.3,100.5329092,0.046147415,45.48,6.088173548,12.7,60.7,26.6,43.82207578,0,20.92257002,64.7446458,0,48.60597782,-14.37448219,0.35,-7.894736842
2015-10-01,97.11601942,1.47445296,99.16378051,-0.03673185,100.5916174,0.099502488,0.3,0,96.70030996,1.589956164,3.2,-5.882352941,100.2,100.7088183,0.174976611,46.22,1.62708883,12.7,60.6,26.7,44.05940594,0.541576714,20.95709571,65.01650165,0.419889317,-156.4326458,-100.7740687,0.3,-14.28571429
2015-11-01,101.9016856,2.089049475,101.2345973,2.088279389,99.99166736,-0.596421471,0.3,0,97.66067275,0.429184551,3.3,3.125,99.9,100.8699626,0.16001015,42.44,-8.178277802,12.7,60.6,26.7,44.05940594,0,20.95709571,65.01650165,0,-143.8682635,4250,0.3,0
2015-12-01,99.94139321,-0.843596872,100.5683368,-0.658135141,98.09182568,-1.9,0.3,0,95.55366264,-0.947237315,3.3,0,99.8,101.0618389,0.190221417,37.19,-12.37040528,12.7,60.6,26.8,44.22442244,0.374531835,20.95709571,65.18151815,0.253807107,-58.91891892,107.0402299,0.27,-10
2016-01-01,91.55745265,-3.805169827,97.75296335,-2.799463117,100.2916424,2.242609582,0.3,0,89.20781309,-2.984444566,3.2,-3.03030303,99.5,101.3194653,0.254919596,31.68,-14.8158107,12.7,60.5,26.8,44.29752066,0.165289256,20.99173554,65.2892562,0.165289256,58.04093567,50.6592644,0.095,-64.81481481
2016-02-01,85.20277896,-3.123994117,95.03754859,-2.777833692,99.49170902,-0.797607178,0.3,0,88.24098794,-0.473253108,3.3,3.125,99.6,101.5060492,0.184154019,30.32,-4.292929293,12.6,60.4,26.9,44.53642384,0.539315014,20.86092715,65.39735099,0.165562914,709.9655201,31.13772455,-0.065,-168.4210526
2016-03-01,87.52148065,1.166089638,93.36222153,-1.762805423,99.89167569,0.40201005,0.3,0,94.19506866,2.835780524,3.2,-3.03030303,99.7,101.7254263,0.21612224,37.55,23.84564644,12.6,60.4,27,44.70198675,0.371747212,20.86092715,65.56291391,0.253164557,-1.298890077,61.257464,-0.05,-23.07692308
2016-04-01,86.11491766,-0.703626561,90.62204809,-2.934991694,99.19173402,-0.700700701,0.3,0,96.83751802,1.201548279,3.2,0,99.9,102.1482216,0.415623995,40.75,8.521970706,12.6,60.3,27,44.7761194,0.165837479,20.89552239,65.67164179,0.165837479,-156.2306705,-15.13831409,-0.085,70
2016-05-01,85.71718651,-0.201048288,89.95997344,-0.73058892,98.69177569,-0.504032258,0.3,0,96.83658145,-0.000420034,3.2,0,100,102.588072,0.430600158,46.71,14.62576687,12.6,60.3,27.1,44.94195688,0.37037037,20.89552239,65.83747927,0.252525253,-225.9812175,5.698151951,-0.12,41.17647059
2016-06-01,83.08068667,-1.35678304,87.13320522,-3.142251063,99.19173402,0.506585613,0.3,0,97.52458857,0.307467738,3.1,-3.125,99.9,102.7477603,0.15565972,48.76,4.388781845,12.6,60.3,27.1,44.94195688,0,20.89552239,65.83747927,0,-53.91137774,0.509956289,-0.23,91.66666667
2016-07-01,83.31919644,0.124499542,85.99718517,-1.303773979,99.69169236,0.504032258,0.3,0,99.99920391,1.088241578,3,-3.225806452,99.6,103.0081434,0.253419697,44.65,-8.429040197,12.5,60.4,27.1,44.86754967,-0.165562914,20.69536424,65.56291391,-0.417035048,6.737120211,-15.31770959,-0.195,-15.2173913
2016-08-01,84.08436155,0.397015815,83.70376332,-2.666856876,100.5916174,0.902708124,0.3,0,101.0479793,0.453109042,3.1,3.333333333,99.7,103.2667841,0.251087664,44.72,0.156774916,12.5,60.4,27.2,45.03311258,0.36900369,20.69536424,65.72847682,0.252525253,99.06423569,43.59486448,-0.07,-64.1025641
2016-09-01,86.00597671,0.981340126,84.27075023,0.677373255,100.991584,0.397614314,0.3,0,100.230163,-0.352919634,3,-3.225806452,99.8,103.5012369,0.227035957,45.18,1.02862254,12.4,60.3,27.2,45.10779436,0.165837479,20.56384743,65.67164179,-0.086469416,-92.93057957,4.371150407,-0.085,21.42857143
2016-10-01,87.66716499,0.830833024,85.79529998,1.809109035,101.0915757,0.099009901,0.3,0,99.0518595,-0.513580375,3,0,100.4,103.7720657,0.261667225,49.78,10.18149624,12.4,60.3,27.3,45.27363184,0.367647059,20.56384743,65.83747927,0.252525253,595.5169455,-6.7009328,-0.05,-41.17647059
2016-11-01,90.84836957,1.548017509,89.44570824,4.254788146,102.0914924,0.989119683,0.3,0,99.85422229,0.350380057,3,0,100.4,104.1315811,0.346447239,45.66,-8.276416231,12.4,60.3,27.3,45.27363184,0,20.56384743,65.83747927,0,-173.0578258,15.83350337,0.02,-140
2016-12-01,98.21703207,3.386966891,95.93393956,7.253820729,101.4915424,-0.587659158,0.3,0,103.8436521,1.701352006,3,0,100.1,104.4457471,0.301700985,51.97,13.8195357,12.4,60.3,27.3,45.27363184,0,20.56384743,65.83747927,0,170.885221,12.73559979,0.04,100
2017-01-01,98.87454548,0.289769362,95.01923117,-0.953477353,100.691609,-0.78817734,0.3,0,105.0235478,0.490673155,3,0,100,104.7652219,0.305876285,52.5,1.019819126,12.4,60.2,27.4,45.51495017,0.533021795,20.59800664,66.11295681,0.418420546,-27.25416861,-66.640625,0.085,112.5
2017-02-01,99.11692297,0.106331106,93.48624002,-1.613348304,101.3915507,0.695134062,0.3,0,106.9744311,0.799330028,2.9,-3.333333333,99.8,105.0876496,0.30776217,53.47,1.847619048,12.4,60.2,27.4,45.51495017,0,20.59800664,66.11295681,0,-37.38994452,308.9461358,0.05,-41.17647059
2017-03-01,100.0903007,0.424418268,93.41288532,-0.078465768,101.4915424,0.098619329,0.3,0,107.7979604,0.333055851,2.8,-3.448275862,99.9,105.347411,0.247185459,49.33,-7.742659435,12.4,60.1,27.5,45.75707155,0.531960115,20.63227953,66.38935108,0.418063696,-217.8909912,-62.76486084,0.065,30
2017-04-01,96.35858976,-1.650155847,90.96769284,-2.617617983,103.7913507,2.266009852,0.3,0,107.274322,-0.211476554,2.8,0,100.3,105.5779374,0.218824905,51.06,3.506993716,12.4,60.1,27.5,45.75707155,0,20.63227953,66.38935108,0,-312.7292779,-23.0390649,0.015,-76.92307692
2017-05-01,101.1307189,2.099265927,92.74527314,1.954078696,102.191484,-1.541425819,0.3,0,108.3879083,0.448505674,3.1,10.71428571,100.4,105.9018539,0.306803176,48.48,-5.052878966,12.4,60.1,27.6,45.9234609,0.363636364,20.63227953,66.55574043,0.250626566,-167.4288521,34.81215028,0.04,166.6666667
2017-06-01,103.38238,0.956343153,91.63612491,-1.195908096,102.9914174,0.782778865,0.3,0,109.9261371,0.612013166,2.8,-9.677419355,100.2,106.1764863,0.259327354,45.18,-6.806930693,12.4,60,27.6,46,0.166666667,20.66666667,66.66666667,0.166666667,-76.69553253,-53.09813223,0.075,87.5
2017-07-01,104.455674,0.448550948,93.00216815,1.490725666,102.491459,-0.485436893,0.3,0,111.184705,0.494408134,2.8,0,100.1,106.4686811,0.275197234,46.63,3.209384683,12.4,60,27.6,46,0,20.66666667,66.66666667,0,447.0741448,198.0404551,0.075,0
2017-08-01,103.9857453,-0.19582268,90.82184581,-2.344377969,103.7913507,1.268292683,0.3,0,110.952622,-0.090747828,2.7,-3.571428571,100.3,106.7270519,0.242673058,48.04,3.023804418,12.3,60,27.7,46.16666667,0.362318841,20.5,66.66666667,-2.13e-14,-122.4846061,18.17603393,0.01,-86.66666667
2017-09-01,105.6404874,0.685658727,91.45713651,0.69949107,102.5914507,-1.156069364,0.3,0,112.8619214,0.740986969,2.8,3.703703704,100.5,107.0341177,0.287711348,49.82,3.705245629,12.3,60,27.7,46.16666667,0,20.5,66.66666667,0,-97.92490119,-11.00143575,0.06,500
2017-10-01,110.8844791,2.104036449,93.33819625,2.056766497,103.1914007,0.584795322,0.3,0,115.6323067,1.053174989,2.7,-3.571428571,100.6,107.3245374,0.271333775,51.58,3.532717784,12.3,60,27.7,46.16666667,0,20.5,66.66666667,0,7236.734694,11.27243396,0.065,8.333333333
2017-11-01,114.9662192,1.569948863,93.30438773,-0.036221531,103.9913341,0.775193798,0.3,0,115.9485877,0.118627376,2.7,0,100.9,107.6206504,0.275904225,56.64,9.810003877,12.3,59.9,27.8,46.41068447,0.528558428,20.53422371,66.94490818,0.41736227,-9.309225777,-8.807538963,0.035,-46.15384615
2017-12-01,116.6512584,0.631917911,93.34690776,0.04557131,105.4912091,1.442307692,0.3,0,119.0448071,1.144499242,2.7,0,101.2,107.6465316,0.024048593,57.88,2.189265537,12.3,59.9,27.8,46.41068447,0,20.53422371,66.94490818,0,-32.05704938,-39.46740859,0.045,28.57142857
2018-01-01,120.801973,1.518459903,91.80493887,-1.651869271,100.8915924,-4.360189573,0.3,0,124.2431664,1.856205549,2.4,-11.11111111,101.3,107.8149561,0.156460643,63.7,10.0552868,12.3,59.9,27.8,46.41068447,0,20.53422371,66.94490818,0,-474.6520202,63.09914642,0.08,77.77777778
2018-02-01,113.7652903,-2.606424808,89.21689966,-2.819063163,103.4913757,2.576808722,0.3,0,119.4891177,-1.694415671,2.5,4.166666667,101.3,107.9596997,0.134251876,62.23,-2.307692308,12.3,59.9,27.9,46.57762938,0.35971223,20.53422371,67.11185309,0.249376559,-130.9589316,-126.3486312,0.045,-43.75
2018-03-01,110.6343661,-1.211972728,87.62192621,-1.787748121,105.1912341,1.642512077,0.3,0,118.0817282,-0.514565354,2.5,0,101,108.1232489,0.151490998,62.73,0.803470995,12.3,59.8,27.9,46.65551839,0.16722408,20.56856187,67.22408027,0.16722408,-417.9488843,-450.7257448,0.045,0
2018-04-01,112.1202175,0.579387964,88.9011048,1.459884116,104.9912507,-0.190114068,0.3,0,117.4013074,-0.250976767,2.5,0,100.9,108.4838687,0.333526553,66.25,5.611350231,12.3,59.8,28,46.82274247,0.358422939,20.56856187,67.39130435,0.248756219,-140.4529226,22.13025485,0.05,11.11111111
2018-05-01,114.9275419,1.074018642,90.69249145,2.015033067,104.4912924,-0.476190476,0.3,0,118.3035089,0.332469296,2.3,-8,101,108.7676381,0.261577545,69.98,5.630188679,12.3,59.7,28,46.90117253,0.167504188,20.60301508,67.5041876,0.167504188,-198.8400242,-81.52309613,0.03,-40
2018-06-01,113.6131597,-0.499547978,90.91523417,0.245602159,103.2913924,-1.148325359,0.3,0,118.5999345,0.108682317,2.5,8.695652174,100.9,109.0093055,0.222186876,67.87,-3.015147185,12.2,59.7,28,46.90117253,0,20.43551089,67.33668342,-0.248138958,-188.7080314,78.76447876,0.03,0
2018-07-01,111.4652826,-0.828901686,92.1158303,1.3205665,103.091409,-0.193610842,0.3,0,119.5295777,0.339093585,2.5,0,101,109.1727484,0.149934803,70.98,4.582289671,12.2,59.7,28,46.90117253,0,20.43551089,67.33668342,0,-270.2789761,-39.52483801,0.06,100
2018-08-01,110.9412057,-0.204673985,91.7769121,-0.367926119,103.3913841,0.290979631,0.3,0,121.2815327,0.631929153,2.4,-4,101.6,109.3786778,0.18862708,68.06,-4.113834883,12.2,59.7,28.1,47.06867672,0.357142857,20.43551089,67.5041876,0.248756219,-109.2254163,-132.1428571,0.11,83.33333333
2018-09-01,112.7055334,0.685235705,92.50857265,0.79721635,102.8914257,-0.483558994,0.3,0,122.2611889,0.349393797,2.4,0,101.7,109.6649421,0.261718573,70.23,3.188363209,12.2,59.7,28.1,47.06867672,0,20.43551089,67.5041876,0,-2658.403515,282.5,0.125,13.63636364
2018-10-01,110.0825706,-1.022667625,93.26412782,0.816740708,105.5912007,2.623906706,0.3,0,117.4184467,-1.755228388,2.4,0,102,109.8095712,0.131882696,70.75,0.74042432,12.2,59.7,28.1,47.06867672,0,20.43551089,67.5041876,0,-100.9603549,20.98765432,0.13,4
